university,group_title,campaign_year,snapshot_date,applications,seat_counts,min_enrolled_score,last_rank
fa,Конкурсные списки (все группы),2026,2026-08-08 14:33:56.186136+00:00,20,{},,20
gubkin,Конкурсная группа 1,2026,2026-08-08 15:58:59.299248+00:00,989,{},,989
gubkin,Конкурсная группа 10,2026,2026-08-08 15:58:59.652669+00:00,558,{},,558
gubkin,Конкурсная группа 11,2026,2026-08-08 15:59:00.598335+00:00,1697,{},,1697
gubkin,Конкурсная группа 12,2026,2026-08-08 15:58:59.731698+00:00,526,{},,526
gubkin,Конкурсная группа 13,2026,2026-08-08 15:59:00.185081+00:00,815,{},,815
gubkin,Конкурсная группа 14,2026,2026-08-08 15:59:00.518935+00:00,764,{},,764
gubkin,Конкурсная группа 15,2026,2026-08-08 15:59:01.053210+00:00,1054,{},,1054
gubkin,Конкурсная группа 16,2026,2026-08-08 15:59:01.252538+00:00,1148,{},,1148
gubkin,Конкурсная группа 17,2026,2026-08-08 15:59:01.926370+00:00,1977,{},,1977
gubkin,Конкурсная группа 18,2026,2026-08-08 15:59:01.138690+00:00,1350,{},,1350
gubkin,Конкурсная группа 19,2026,2026-08-08 15:59:01.375104+00:00,1283,{},,1283
gubkin,Конкурсная группа 2,2026,2026-08-08 15:58:59.192659+00:00,965,{},,965
gubkin,Конкурсная группа 20,2026,2026-08-08 15:59:01.491294+00:00,967,{},,967
gubkin,Конкурсная группа 21,2026,2026-08-08 15:59:01.629919+00:00,1554,{},,1554
gubkin,Конкурсная группа 22,2026,2026-08-08 15:59:01.789940+00:00,1607,{},,1608
gubkin,Конкурсная группа 23,2026,2026-08-08 15:59:01.586666+00:00,416,{},,416
gubkin,Конкурсная группа 24,2026,2026-08-08 15:59:02.127170+00:00,1726,{},,1726
gubkin,Конкурсная группа 25,2026,2026-08-08 15:59:02.760218+00:00,1452,{},,1452
gubkin,Конкурсная группа 26,2026,2026-08-08 15:59:02.275700+00:00,1338,{},,1338
gubkin,Конкурсная группа 27,2026,2026-08-08 15:59:02.617304+00:00,1301,{},,1301
gubkin,Конкурсная группа 28,2026,2026-08-08 15:59:02.420784+00:00,941,{},,941
gubkin,Конкурсная группа 29,2026,2026-08-08 15:59:02.517730+00:00,999,{},,999
gubkin,Конкурсная группа 3,2026,2026-08-08 15:58:59.414894+00:00,1173,{},,1173
gubkin,Конкурсная группа 30,2026,2026-08-08 15:59:02.954215+00:00,1127,{},,1127
gubkin,Конкурсная группа 31,2026,2026-08-08 15:59:03.053263+00:00,579,{},,579
gubkin,Конкурсная группа 33,2026,2026-08-08 15:59:02.904194+00:00,200,{},,200
gubkin,Конкурсная группа 4,2026,2026-08-08 15:58:59.115669+00:00,203,{},,203
gubkin,Конкурсная группа 5,2026,2026-08-08 15:58:59.537678+00:00,1309,{},,1309
gubkin,Конкурсная группа 6,2026,2026-08-08 15:58:59.786517+00:00,2292,{},,2292
gubkin,Конкурсная группа 7,2026,2026-08-08 15:59:00.269202+00:00,2699,{},,2699
gubkin,Конкурсная группа 8,2026,2026-08-08 15:58:59.978652+00:00,2129,{},,2129
gubkin,Конкурсная группа 9,2026,2026-08-08 15:59:00.775607+00:00,2938,{},,2938
gubkin,Конкурсная группа К1,2026,2026-08-08 15:59:03.353398+00:00,43,{},,43
gubkin,Конкурсная группа К2,2026,2026-08-08 15:59:03.289162+00:00,46,{},,46
gubkin,Конкурсная группа К3,2026,2026-08-08 15:59:03.301090+00:00,76,{},,76
gubkin,Конкурсная группа О1,2026,2026-08-08 15:59:02.926691+00:00,248,{},,248
gubkin,Конкурсная группа О2,2026,2026-08-08 15:59:03.206120+00:00,203,{},,203
gubkin,Конкурсная группа О3,2026,2026-08-08 15:59:03.132010+00:00,82,{},,82
gubkin,Конкурсная группа Т1,2026,2026-08-08 15:59:03.256389+00:00,138,{},,138
gubkin,Конкурсная группа Т10,2026,2026-08-08 15:59:03.342992+00:00,116,{},,116
gubkin,Конкурсная группа Т11,2026,2026-08-08 15:59:03.309061+00:00,116,{},,116
gubkin,Конкурсная группа Т12,2026,2026-08-08 15:59:03.320793+00:00,116,{},,116
gubkin,Конкурсная группа Т2,2026,2026-08-08 15:59:03.143038+00:00,151,{},,151
gubkin,Конкурсная группа Т3,2026,2026-08-08 15:59:03.160472+00:00,158,{},,158
gubkin,Конкурсная группа Т4,2026,2026-08-08 15:59:03.176990+00:00,139,{},,139
gubkin,Конкурсная группа Т5,2026,2026-08-08 15:59:03.190708+00:00,130,{},,130
gubkin,Конкурсная группа Т6,2026,2026-08-08 15:59:03.227061+00:00,154,{},,154
gubkin,Конкурсная группа Т7,2026,2026-08-08 15:59:03.243259+00:00,122,{},,122
gubkin,Конкурсная группа Т8,2026,2026-08-08 15:59:03.270174+00:00,171,{},,171
gubkin,Конкурсная группа Т9,2026,2026-08-08 15:59:03.331392+00:00,117,{},,117
itmo,01.03.02 «Прикладная математика и информатика»,2026,2026-08-08 14:32:20.941090+00:00,2357,"{""by_target_quota"": 5, ""by_special_quota"": 18, ""by_unusual_quota"": null, ""general_competition"": 180, ""without_entry_tests"": null}",,2357
itmo,02.03.03 «Математическое обеспечение и администрирование информационных систем»,2026,2026-08-08 14:32:21.230879+00:00,1663,"{""by_target_quota"": 0, ""by_special_quota"": 6, ""by_unusual_quota"": null, ""general_competition"": 55, ""without_entry_tests"": null}",,1663
itmo,03.03.02 «Физика»,2026,2026-08-08 14:32:21.396386+00:00,1054,"{""by_target_quota"": 0, ""by_special_quota"": 3, ""by_unusual_quota"": null, ""general_competition"": 30, ""without_entry_tests"": null}",301.0,1054
itmo,04.03.01 «Химия»,2026,2026-08-08 14:32:21.497798+00:00,777,"{""by_target_quota"": 0, ""by_special_quota"": 3, ""by_unusual_quota"": null, ""general_competition"": 30, ""without_entry_tests"": null}",,777
itmo,05.03.06 «Экология и природопользование»,2026,2026-08-08 14:32:21.597526+00:00,293,"{""by_target_quota"": 0, ""by_special_quota"": 3, ""by_unusual_quota"": null, ""general_competition"": 25, ""without_entry_tests"": null}",269.0,293
itmo,09.03.01 «Информатика и вычислительная техника»,2026,2026-08-08 14:32:21.630578+00:00,2045,"{""by_target_quota"": 8, ""by_special_quota"": 3, ""by_unusual_quota"": null, ""general_competition"": 30, ""without_entry_tests"": null}",291.0,2045
itmo,09.03.02 «Информационные системы и технологии»,2026,2026-08-08 14:32:21.821328+00:00,2985,"{""by_target_quota"": 7, ""by_special_quota"": 18, ""by_unusual_quota"": null, ""general_competition"": 175, ""without_entry_tests"": null}",,2985
itmo,09.03.03 «Прикладная информатика»,2026,2026-08-08 14:32:22.130660+00:00,2043,"{""by_target_quota"": 0, ""by_special_quota"": 3, ""by_unusual_quota"": null, ""general_competition"": 30, ""without_entry_tests"": null}",297.0,2043
itmo,09.03.04 «Программная инженерия»,2026,2026-08-08 14:32:22.318124+00:00,3259,"{""by_target_quota"": 6, ""by_special_quota"": 17, ""by_unusual_quota"": null, ""general_competition"": 164, ""without_entry_tests"": null}",299.0,3259
itmo,10.03.01 «Информационная безопасность»,2026,2026-08-08 14:32:22.637525+00:00,2411,"{""by_target_quota"": 4, ""by_special_quota"": 11, ""by_unusual_quota"": null, ""general_competition"": 103, ""without_entry_tests"": null}",284.0,2411
itmo,11.03.02 «Инфокоммуникационные технологии и системы связи»,2026,2026-08-08 14:32:22.893241+00:00,1878,"{""by_target_quota"": 2, ""by_special_quota"": 10, ""by_unusual_quota"": null, ""general_competition"": 95, ""without_entry_tests"": null}",,1878
itmo,12.03.01 «Приборостроение»,2026,2026-08-08 14:32:23.081735+00:00,984,"{""by_target_quota"": 1, ""by_special_quota"": 2, ""by_unusual_quota"": null, ""general_competition"": 15, ""without_entry_tests"": null}",287.0,984
itmo,12.03.04 «Биотехнические системы и технологии»,2026,2026-08-08 14:32:23.350395+00:00,845,"{""by_target_quota"": 0, ""by_special_quota"": 3, ""by_unusual_quota"": null, ""general_competition"": 25, ""without_entry_tests"": null}",287.0,845
itmo,12.03.05 и 12.03.03 «Лазерная техника и лазерные технологии и Фотоника и оптоинформатика»,2026,2026-08-08 14:32:23.212123+00:00,1389,"{""by_target_quota"": 4, ""by_special_quota"": 9, ""by_unusual_quota"": null, ""general_competition"": 85, ""without_entry_tests"": null}",277.0,1389
itmo,13.03.02 «Электроэнергетика и электротехника»,2026,2026-08-08 14:32:23.442998+00:00,886,"{""by_target_quota"": 0, ""by_special_quota"": 2, ""by_unusual_quota"": null, ""general_competition"": 15, ""without_entry_tests"": null}",274.0,886
itmo,15.03.04 и 15.03.06 «Автоматизация технологических процессов и производств и Мехатроника и робототехника»,2026,2026-08-08 14:32:23.543525+00:00,996,"{""by_target_quota"": 7, ""by_special_quota"": 8, ""by_unusual_quota"": null, ""general_competition"": 80, ""without_entry_tests"": null}",277.0,996
itmo,16.03.01 «Техническая физика»,2026,2026-08-08 14:32:23.671002+00:00,1415,"{""by_target_quota"": 0, ""by_special_quota"": 8, ""by_unusual_quota"": null, ""general_competition"": 75, ""without_entry_tests"": null}",281.0,1415
itmo,"18.03.01 и 18.03.02 «Химическая технология и Энерго- и ресурсосберегающие процессы в химической технологии, нефтехимии и биотехнологии»",2026,2026-08-08 14:32:23.812608+00:00,868,"{""by_target_quota"": 1, ""by_special_quota"": 7, ""by_unusual_quota"": null, ""general_competition"": 65, ""without_entry_tests"": null}",277.0,868
itmo,19.03.01 «Биотехнология»,2026,2026-08-08 14:32:23.907380+00:00,760,"{""by_target_quota"": 0, ""by_special_quota"": 7, ""by_unusual_quota"": null, ""general_competition"": 65, ""without_entry_tests"": null}",266.0,760
itmo,24.03.02 «Системы управления движением и навигация»,2026,2026-08-08 14:32:24.010544+00:00,878,"{""by_target_quota"": 2, ""by_special_quota"": 2, ""by_unusual_quota"": null, ""general_competition"": 15, ""without_entry_tests"": null}",282.0,878
itmo,27.03.04 «Управление в технических системах»,2026,2026-08-08 14:32:24.268911+00:00,618,"{""by_target_quota"": 0, ""by_special_quota"": 2, ""by_unusual_quota"": null, ""general_competition"": 16, ""without_entry_tests"": null}",277.0,618
itmo,27.03.05 «Инноватика»,2026,2026-08-08 14:32:24.114800+00:00,1581,"{""by_target_quota"": 0, ""by_special_quota"": 8, ""by_unusual_quota"": null, ""general_competition"": 74, ""without_entry_tests"": null}",282.0,1581
itmo,38.03.05 «Бизнес-информатика»,2026,2026-08-08 14:32:24.340113+00:00,433,"{""by_target_quota"": 2, ""by_special_quota"": 6, ""by_unusual_quota"": null, ""general_competition"": 55, ""without_entry_tests"": null}",290.0,433
itmo,45.03.04 «Интеллектуальные системы в гуманитарной сфере»,2026,2026-08-08 14:32:24.402080+00:00,334,"{""by_target_quota"": 0, ""by_special_quota"": 4, ""by_unusual_quota"": null, ""general_competition"": 35, ""without_entry_tests"": null}",,334
itmo,54.03.01 «Дизайн»,2026,2026-08-08 14:32:24.388294+00:00,80,"{""by_target_quota"": 0, ""by_special_quota"": 3, ""by_unusual_quota"": null, ""general_competition"": 25, ""without_entry_tests"": null}",278.0,80
misis,01.03.04 Прикладная математика,2026,2026-08-08 18:41:19.037723+00:00,2162,{},289.0,2162
misis,03.03.02 Физика,2026,2026-08-08 18:41:19.341923+00:00,1710,{},272.0,1710
misis,09.00.00 Информатика и вычислительная техника,2026,2026-08-08 18:41:19.507037+00:00,3143,{},280.0,3143
misis,11.03.04 Электроника и наноэлектроника,2026,2026-08-08 18:41:19.817027+00:00,1957,{},257.0,1957
misis,13.03.02 Электроэнергетика и электротехника,2026,2026-08-08 18:41:20.008878+00:00,1534,{},260.0,1534
misis,15.03.02 Технологические машины и оборудование,2026,2026-08-08 18:41:20.170849+00:00,2189,{},253.0,2189
misis,18.03.01 Химическая технология,2026,2026-08-08 18:41:20.370341+00:00,619,{},257.0,619
misis,19.03.01 Биотехнология,2026,2026-08-08 18:41:20.437132+00:00,483,{},283.0,483
misis,21.05.04 Горное дело,2026,2026-08-08 18:41:20.488177+00:00,1407,{},237.0,1407
misis,22.03.01 Материаловедение и технологии материалов,2026,2026-08-08 18:41:20.636627+00:00,1668,{},255.0,1668
misis,22.03.02 Металлургия,2026,2026-08-08 18:41:20.806844+00:00,1236,{},243.0,1236
misis,27.03.03 Системный анализ и управление,2026,2026-08-08 18:41:20.921543+00:00,1575,{},291.0,1575
misis,27.03.05 Инноватика,2026,2026-08-08 18:41:21.066408+00:00,1078,{},,1078
misis,28.00.00 Нанотехнологии и наноматериалы,2026,2026-08-08 18:41:21.174025+00:00,2109,{},259.0,2109
misis,38.00.00 Экономика и управление,2026,2026-08-08 18:41:21.340583+00:00,1184,{},273.0,1184
misis,38.03.05 Бизнес-информатика,2026,2026-08-08 18:41:21.440233+00:00,2014,{},285.0,2014
misis,45.03.02 Лингвистика,2026,2026-08-08 18:41:21.625020+00:00,260,{},271.0,260
mpei,list10bacc,2026,2026-08-08 14:33:47.469598+00:00,4581,{},,4581
mpei,list13bacc,2026,2026-08-08 14:33:47.913889+00:00,4843,{},,4843
mpei,list143bacc,2026,2026-08-08 14:33:48.374161+00:00,42,{},,42
mpei,list1441bacc,2026,2026-08-08 14:33:48.381873+00:00,3769,{},,3769
mpei,list1446bacc,2026,2026-08-08 14:33:48.712572+00:00,4095,{},,4095
mpei,list14bacc,2026,2026-08-08 14:33:49.056070+00:00,5940,{},,5940
mpei,list15bacc,2026,2026-08-08 14:33:49.556919+00:00,2290,{},,2290
mpei,list16bacc,2026,2026-08-08 14:33:49.784403+00:00,4089,{},,4089
mpei,list17bacc,2026,2026-08-08 14:33:50.136145+00:00,3167,{},,3167
mpei,list1986bacc,2026,2026-08-08 14:33:50.383126+00:00,3553,{},,3553
mpei,list19bacc,2026,2026-08-08 14:33:50.684574+00:00,2484,{},,2484
mpei,list1bacc,2026,2026-08-08 14:33:50.901572+00:00,4922,{},,4922
mpei,list2016bacc,2026,2026-08-08 14:33:51.326794+00:00,124,{},,124
mpei,list2027bacc,2026,2026-08-08 14:33:51.341311+00:00,159,{},,159
mpei,list2033bacc,2026,2026-08-08 14:33:51.357401+00:00,127,{},,127
mpei,list20bacc,2026,2026-08-08 14:33:51.371104+00:00,727,{},,727
mpei,list2143bacc,2026,2026-08-08 14:33:51.460876+00:00,367,{},,367
mpei,list2149bacc,2026,2026-08-08 14:33:51.497067+00:00,3086,{},,3086
mpei,list2154bacc,2026,2026-08-08 14:33:51.750653+00:00,1737,{},,1737
mpei,list2160bacc,2026,2026-08-08 14:33:51.896831+00:00,1898,{},,1898
mpei,list22bacc,2026,2026-08-08 14:33:52.060576+00:00,4563,{},,4563
mpei,list356bacc,2026,2026-08-08 14:33:52.489585+00:00,118,{},,118
mpei,list35bacc,2026,2026-08-08 14:33:52.503688+00:00,3960,{},,3960
mpei,list368bacc,2026,2026-08-08 14:33:52.854328+00:00,461,{},,461
mpei,list371bacc,2026,2026-08-08 14:33:52.899096+00:00,277,{},,277
mpei,list375bacc,2026,2026-08-08 14:33:52.927138+00:00,529,{},,529
mpei,list383bacc,2026,2026-08-08 14:33:52.977108+00:00,386,{},,386
mpei,list4bacc,2026,2026-08-08 14:33:53.015429+00:00,3800,{},,3800
mpei,list533bacc,2026,2026-08-08 14:33:53.352610+00:00,3445,{},,3445
mpei,list540bacc,2026,2026-08-08 14:33:53.658694+00:00,1882,{},,1882
mpei,list542bacc,2026,2026-08-08 14:33:53.830636+00:00,1639,{},,1639
mpei,list544bacc,2026,2026-08-08 14:33:53.972276+00:00,985,{},,985
mpei,list588bacc,2026,2026-08-08 14:33:54.073468+00:00,2769,{},,2769
mpei,list5bacc,2026,2026-08-08 14:33:54.252966+00:00,5107,{},,5107
mpei,list7bacc,2026,2026-08-08 14:33:54.632880+00:00,3503,{},,3503
mpei,list881bacc,2026,2026-08-08 14:33:54.864812+00:00,414,{},,414
mpei,list963bacc,2026,2026-08-08 14:33:54.919462+00:00,1846,{},,1846
mpei,list975bacc,2026,2026-08-08 14:33:55.055012+00:00,3934,{},,3934
mpei,list986bacc,2026,2026-08-08 14:33:55.352335+00:00,157,{},,157
msu,Астрономия (by_special_quota),2026,2026-08-08 14:51:15.330904+00:00,2,"{""by_special_quota"": 2}",,2
msu,Астрономия (by_unusual_quota),2026,2026-08-08 14:51:15.333952+00:00,1,"{""by_unusual_quota"": 2}",,1
msu,Астрономия (by_unusual_quota),2026,2026-08-08 14:51:15.336251+00:00,1,"{""by_unusual_quota"": 2}",,1
msu,Астрономия (general_competition),2026,2026-08-08 14:51:15.342181+00:00,4,"{""general_competition"": 16}",390.0,4
msu,Астрономия (paid_competition),2026,2026-08-08 14:51:15.366807+00:00,161,"{""paid_competition"": 10}",,161
msu,Астрономия (without_entry_tests),2026,2026-08-08 14:51:15.338250+00:00,12,"{""without_entry_tests"": 16}",,12
msu,Биоинженерия и биоинформатика (by_special_quota),2026,2026-08-08 14:51:19.004479+00:00,4,"{""by_special_quota"": 4}",,4
msu,Биоинженерия и биоинформатика (by_target_quota),2026,2026-08-08 14:51:19.009586+00:00,1,"{""by_target_quota"": 1}",,1
msu,Биоинженерия и биоинформатика (by_unusual_quota),2026,2026-08-08 14:51:19.007099+00:00,4,"{""by_unusual_quota"": 4}",,4
msu,Биоинженерия и биоинформатика (general_competition),2026,2026-08-08 14:51:19.017549+00:00,183,"{""general_competition"": 25}",,183
msu,Биоинженерия и биоинформатика (paid_competition),2026,2026-08-08 14:51:19.047134+00:00,106,"{""paid_competition"": 40}",,106
msu,Биоинженерия и биоинформатика (without_entry_tests),2026,2026-08-08 14:51:19.043899+00:00,5,"{""without_entry_tests"": 40}",,5
msu,Биоинженерия и биоинформатика (without_entry_tests),2026,2026-08-08 14:51:19.012495+00:00,25,"{""without_entry_tests"": 25}",,25
msu,Биоинженерия и биотехнология. Биофизика (by_special_quota),2026,2026-08-08 14:51:15.861171+00:00,1,"{""by_special_quota"": 1}",,1
msu,Биоинженерия и биотехнология. Биофизика (by_unusual_quota),2026,2026-08-08 14:51:15.865435+00:00,2,"{""by_unusual_quota"": 2}",,2
msu,Биоинженерия и биотехнология. Биофизика (general_competition),2026,2026-08-08 14:51:15.872590+00:00,13,"{""general_competition"": 17}",454.0,13
msu,Биоинженерия и биотехнология. Биофизика (paid_competition),2026,2026-08-08 14:51:15.884223+00:00,80,"{""paid_competition"": 5}",,80
msu,Биоинженерия и биотехнология. Биофизика (without_entry_tests),2026,2026-08-08 14:51:15.868638+00:00,4,"{""without_entry_tests"": 17}",,4
msu,"Биология почв. Химия почв. Земельные ресурсы и функционирование почв. Физика, мелиорация и эрозия почв. Агрохимия и агроэкология. (by_target_quota)",2026,2026-08-08 14:51:16.019934+00:00,1,"{""by_target_quota"": 1}",,1
msu,"Биология почв. Химия почв. Земельные ресурсы и функционирование почв. Физика, мелиорация и эрозия почв. Агрохимия и агроэкология. (by_target_quota)",2026,2026-08-08 14:51:16.017477+00:00,1,"{""by_target_quota"": 1}",,1
msu,"Биология почв. Химия почв. Земельные ресурсы и функционирование почв. Физика, мелиорация и эрозия почв. Агрохимия и агроэкология. (by_target_quota)",2026,2026-08-08 14:51:16.014793+00:00,1,"{""by_target_quota"": 1}",,1
msu,"Биология почв. Химия почв. Земельные ресурсы и функционирование почв. Физика, мелиорация и эрозия почв. Агрохимия и агроэкология. (by_unusual_quota)",2026,2026-08-08 14:51:16.011933+00:00,3,"{""by_unusual_quota"": 3}",,3
msu,"Биология почв. Химия почв. Земельные ресурсы и функционирование почв. Физика, мелиорация и эрозия почв. Агрохимия и агроэкология. (general_competition)",2026,2026-08-08 14:51:16.023991+00:00,53,"{""general_competition"": 54}",289.0,53
msu,"Биология почв. Химия почв. Земельные ресурсы и функционирование почв. Физика, мелиорация и эрозия почв. Агрохимия и агроэкология. (paid_competition)",2026,2026-08-08 14:51:16.043314+00:00,98,"{""paid_competition"": 8}",,98
msu,"Биология почв. Химия почв. Земельные ресурсы и функционирование почв. Физика, мелиорация и эрозия почв. Агрохимия и агроэкология. (without_entry_tests)",2026,2026-08-08 14:51:16.021905+00:00,1,"{""without_entry_tests"": 54}",,1
msu,Биотехнология (by_special_quota),2026,2026-08-08 14:51:21.556331+00:00,2,"{""by_special_quota"": 2}",,2
msu,Биотехнология (by_unusual_quota),2026,2026-08-08 14:51:21.559734+00:00,1,"{""by_unusual_quota"": 3}",,1
msu,Биотехнология (by_unusual_quota),2026,2026-08-08 14:51:21.561964+00:00,2,"{""by_unusual_quota"": 3}",,2
msu,Биотехнология (general_competition),2026,2026-08-08 14:51:21.564200+00:00,20,"{""general_competition"": 20}",437.0,20
msu,Биотехнология (paid_competition),2026,2026-08-08 14:51:21.584219+00:00,158,"{""paid_competition"": 15}",,158
msu,Востоковедение и африканистика (by_special_quota),2026,2026-08-08 14:51:18.440559+00:00,5,"{""by_special_quota"": 5}",,5
msu,Востоковедение и африканистика (by_unusual_quota),2026,2026-08-08 14:51:18.445392+00:00,8,"{""by_unusual_quota"": 19}",,8
msu,Востоковедение и африканистика (by_unusual_quota),2026,2026-08-08 14:51:18.449183+00:00,11,"{""by_unusual_quota"": 19}",,11
msu,Востоковедение и африканистика (general_competition),2026,2026-08-08 14:51:18.460427+00:00,51,"{""general_competition"": 73}",359.0,51
msu,Востоковедение и африканистика (paid_competition),2026,2026-08-08 14:51:18.490088+00:00,432,"{""paid_competition"": 100}",,432
msu,Востоковедение и африканистика (without_entry_tests),2026,2026-08-08 14:51:18.453094+00:00,22,"{""without_entry_tests"": 73}",,22
msu,География (general_competition),2026,2026-08-08 14:51:22.018859+00:00,7,"{""general_competition"": 8}",225.0,7
msu,География (paid_competition),2026,2026-08-08 14:51:22.022060+00:00,5,"{""paid_competition"": 5}",,5
msu,Геология (by_special_quota),2026,2026-08-08 14:51:16.079204+00:00,2,"{""by_special_quota"": 2}",,2
msu,Геология (by_target_quota),2026,2026-08-08 14:51:16.086623+00:00,1,"{""by_target_quota"": 1}",,1
msu,Геология (by_unusual_quota),2026,2026-08-08 14:51:16.083763+00:00,8,"{""by_unusual_quota"": 9}",,8
msu,Геология (by_unusual_quota),2026,2026-08-08 14:51:16.081607+00:00,1,"{""by_unusual_quota"": 9}",,1
msu,Геология (general_competition),2026,2026-08-08 14:51:16.091901+00:00,172,"{""general_competition"": 187}",315.0,172
msu,Геология (paid_competition),2026,2026-08-08 14:51:16.142819+00:00,227,"{""paid_competition"": 40}",,227
msu,Геология (without_entry_tests),2026,2026-08-08 14:51:16.088716+00:00,13,"{""without_entry_tests"": 187}",,13
msu,"Глобальная экономика и управление, Глобальная энергетика и международный бизнес (by_special_quota)",2026,2026-08-08 14:51:21.070811+00:00,2,"{""by_special_quota"": 2}",,2
msu,"Глобальная экономика и управление, Глобальная энергетика и международный бизнес (by_unusual_quota)",2026,2026-08-08 14:51:21.083759+00:00,2,"{""by_unusual_quota"": 3}",,2
msu,"Глобальная экономика и управление, Глобальная энергетика и международный бизнес (by_unusual_quota)",2026,2026-08-08 14:51:21.076066+00:00,1,"{""by_unusual_quota"": 3}",,1
msu,"Глобальная экономика и управление, Глобальная энергетика и международный бизнес (general_competition)",2026,2026-08-08 14:51:21.093866+00:00,8,"{""general_competition"": 10}",384.0,8
msu,"Глобальная экономика и управление, Глобальная энергетика и международный бизнес (paid_competition)",2026,2026-08-08 14:51:21.137258+00:00,556,"{""paid_competition"": 55}",,556
msu,"Глобальная экономика и управление, Глобальная энергетика и международный бизнес (without_entry_tests)",2026,2026-08-08 14:51:21.089492+00:00,2,"{""without_entry_tests"": 10}",,2
msu,Глобальные политические процессы и дипломатия (by_special_quota),2026,2026-08-08 14:51:21.270313+00:00,1,"{""by_special_quota"": 1}",,1
msu,Глобальные политические процессы и дипломатия (by_unusual_quota),2026,2026-08-08 14:51:21.273986+00:00,1,"{""by_unusual_quota"": 1}",,1
msu,Глобальные политические процессы и дипломатия (general_competition),2026,2026-08-08 14:51:21.279983+00:00,6,"{""general_competition"": 8}",382.0,6
msu,Глобальные политические процессы и дипломатия (paid_competition),2026,2026-08-08 14:51:21.319916+00:00,666,"{""paid_competition"": 40}",,666
msu,Глобальные политические процессы и дипломатия (without_entry_tests),2026,2026-08-08 14:51:21.276726+00:00,2,"{""without_entry_tests"": 8}",,2
msu,Государственное и муниципальное управление (general_competition),2026,2026-08-08 14:51:22.024433+00:00,10,"{""general_competition"": 10}",218.0,10
msu,Государственное и муниципальное управление (paid_competition),2026,2026-08-08 14:51:22.028511+00:00,13,"{""paid_competition"": 6}",,13
msu,Государственное и муниципальное управление (paid_competition),2026,2026-08-08 14:51:20.135289+00:00,4,"{""paid_competition"": 5}",,4
msu,Государственное и муниципальное управление (общий) (by_special_quota),2026,2026-08-08 14:51:20.137879+00:00,4,"{""by_special_quota"": 4}",,4
msu,Государственное и муниципальное управление (общий) (by_unusual_quota),2026,2026-08-08 14:51:20.140316+00:00,4,"{""by_unusual_quota"": 4}",,4
msu,Государственное и муниципальное управление (общий) (general_competition),2026,2026-08-08 14:51:20.142834+00:00,23,"{""general_competition"": 23}",365.0,23
msu,Государственное и муниципальное управление (общий) (paid_competition),2026,2026-08-08 14:51:20.167691+00:00,456,"{""paid_competition"": 83}",,456
msu,Журналистика (by_special_quota),2026,2026-08-08 14:51:17.998561+00:00,7,"{""by_special_quota"": 7}",,7
msu,Журналистика (by_special_quota),2026,2026-08-08 14:51:22.032047+00:00,1,"{""by_special_quota"": 1}",,1
msu,Журналистика (by_target_quota),2026,2026-08-08 14:51:18.007244+00:00,1,"{""by_target_quota"": 1}",,1
msu,Журналистика (by_unusual_quota),2026,2026-08-08 14:51:22.034220+00:00,3,"{""by_unusual_quota"": 3}",,3
msu,Журналистика (by_unusual_quota),2026,2026-08-08 14:51:18.003109+00:00,17,"{""by_unusual_quota"": 17}",,17
msu,Журналистика (general_competition),2026,2026-08-08 14:51:22.036684+00:00,11,"{""general_competition"": 11}",204.0,11
msu,Журналистика (general_competition),2026,2026-08-08 14:51:18.013860+00:00,72,"{""general_competition"": 80}",357.0,72
msu,Журналистика (paid_competition),2026,2026-08-08 14:51:18.049163+00:00,496,"{""paid_competition"": 120}",,496
msu,Журналистика (paid_competition),2026,2026-08-08 14:51:22.040439+00:00,17,"{""paid_competition"": 6}",,17
msu,Журналистика (without_entry_tests),2026,2026-08-08 14:51:18.010258+00:00,8,"{""without_entry_tests"": 80}",,8
msu,Зарубежная филология (by_special_quota),2026,2026-08-08 14:51:16.603443+00:00,2,"{""by_special_quota"": 2}",,2
msu,Зарубежная филология (by_unusual_quota),2026,2026-08-08 14:51:16.606198+00:00,1,"{""by_unusual_quota"": 6}",,1
msu,Зарубежная филология (by_unusual_quota),2026,2026-08-08 14:51:16.608013+00:00,5,"{""by_unusual_quota"": 6}",,5
msu,Зарубежная филология (general_competition),2026,2026-08-08 14:51:16.613666+00:00,61,"{""general_competition"": 72}",337.0,61
msu,Зарубежная филология (paid_competition),2026,2026-08-08 14:51:16.638323+00:00,217,"{""paid_competition"": 45}",,217
msu,Зарубежная филология (without_entry_tests),2026,2026-08-08 14:51:16.610498+00:00,11,"{""without_entry_tests"": 72}",,11
msu,Зарубежное регионоведение (by_special_quota),2026,2026-08-08 14:51:18.727403+00:00,1,"{""by_special_quota"": 1}",,1
msu,Зарубежное регионоведение (by_unusual_quota),2026,2026-08-08 14:51:18.730317+00:00,1,"{""by_unusual_quota"": 1}",,1
msu,Зарубежное регионоведение (general_competition),2026,2026-08-08 14:51:18.732791+00:00,7,"{""general_competition"": 7}",374.0,7
msu,Зарубежное регионоведение (paid_competition),2026,2026-08-08 14:51:18.747464+00:00,198,"{""paid_competition"": 20}",,198
msu,Изящные искусства (paid_competition),2026,2026-08-08 14:51:20.129316+00:00,35,"{""paid_competition"": 25}",,35
msu,Инноватика (paid_competition),2026,2026-08-08 14:51:21.524607+00:00,232,"{""paid_competition"": 35}",,232
msu,История (by_special_quota),2026,2026-08-08 14:51:16.368312+00:00,10,"{""by_special_quota"": 10}",,10
msu,История (by_unusual_quota),2026,2026-08-08 14:51:16.373359+00:00,3,"{""by_unusual_quota"": 14}",,3
msu,История (by_unusual_quota),2026,2026-08-08 14:51:16.376373+00:00,11,"{""by_unusual_quota"": 14}",,11
msu,История (general_competition),2026,2026-08-08 14:51:22.044368+00:00,10,"{""general_competition"": 10}",243.0,10
msu,История (general_competition),2026,2026-08-08 14:51:16.384882+00:00,58,"{""general_competition"": 86}",356.0,58
msu,История (paid_competition),2026,2026-08-08 14:51:22.047944+00:00,9,"{""paid_competition"": 10}",,9
msu,История (paid_competition),2026,2026-08-08 14:51:16.428656+00:00,443,"{""paid_competition"": 50}",,443
msu,История (paid_competition),2026,2026-08-08 14:51:16.489163+00:00,1,"{""paid_competition"": 3}",,1
msu,История (without_entry_tests),2026,2026-08-08 14:51:16.425981+00:00,1,"{""without_entry_tests"": 50}",,1
msu,История (without_entry_tests),2026,2026-08-08 14:51:16.379914+00:00,28,"{""without_entry_tests"": 86}",,28
msu,История искусств (by_unusual_quota),2026,2026-08-08 14:51:16.492336+00:00,2,"{""by_unusual_quota"": 2}",,2
msu,История искусств (general_competition),2026,2026-08-08 14:51:16.500468+00:00,8,"{""general_competition"": 18}",366.0,8
msu,История искусств (paid_competition),2026,2026-08-08 14:51:16.508312+00:00,30,"{""paid_competition"": 5}",,30
msu,История искусств (paid_competition),2026,2026-08-08 14:51:16.518874+00:00,3,"{""paid_competition"": 3}",,3
msu,История искусств (without_entry_tests),2026,2026-08-08 14:51:16.494952+00:00,10,"{""without_entry_tests"": 18}",,10
msu,История искусств (without_entry_tests),2026,2026-08-08 14:51:16.505963+00:00,1,"{""without_entry_tests"": 5}",,1
msu,История международных отношений (by_special_quota),2026,2026-08-08 14:51:16.522013+00:00,1,"{""by_special_quota"": 1}",,1
msu,История международных отношений (by_unusual_quota),2026,2026-08-08 14:51:16.524147+00:00,3,"{""by_unusual_quota"": 3}",,3
msu,История международных отношений (general_competition),2026,2026-08-08 14:51:16.531396+00:00,9,"{""general_competition"": 11}",352.0,9
msu,История международных отношений (paid_competition),2026,2026-08-08 14:51:16.558700+00:00,347,"{""paid_competition"": 25}",,347
msu,История международных отношений (without_entry_tests),2026,2026-08-08 14:51:16.527336+00:00,2,"{""without_entry_tests"": 11}",,2
msu,Клиническая психология (by_special_quota),2026,2026-08-08 14:51:18.279553+00:00,6,"{""by_special_quota"": 6}",,6
msu,Клиническая психология (by_unusual_quota),2026,2026-08-08 14:51:18.286269+00:00,1,"{""by_unusual_quota"": 7}",,1
msu,Клиническая психология (by_unusual_quota),2026,2026-08-08 14:51:18.282786+00:00,6,"{""by_unusual_quota"": 7}",,6
msu,Клиническая психология (general_competition),2026,2026-08-08 14:51:18.290811+00:00,37,"{""general_competition"": 40}",346.0,37
msu,Клиническая психология (paid_competition),2026,2026-08-08 14:51:18.357359+00:00,1,"{""paid_competition"": 10}",,1
msu,Клиническая психология (paid_competition),2026,2026-08-08 14:51:18.314933+00:00,310,"{""paid_competition"": 95}",,310
msu,Клиническая психология (without_entry_tests),2026,2026-08-08 14:51:18.288601+00:00,3,"{""without_entry_tests"": 40}",,3
msu,Конфликтология (by_unusual_quota),2026,2026-08-08 14:51:19.816984+00:00,2,"{""by_unusual_quota"": 3}",,2
msu,Конфликтология (by_unusual_quota),2026,2026-08-08 14:51:19.813678+00:00,1,"{""by_unusual_quota"": 3}",,1
msu,Конфликтология (general_competition),2026,2026-08-08 14:51:19.822048+00:00,8,"{""general_competition"": 9}",348.0,8
msu,Конфликтология (paid_competition),2026,2026-08-08 14:51:19.837244+00:00,151,"{""paid_competition"": 10}",,151
msu,Конфликтология (without_entry_tests),2026,2026-08-08 14:51:19.819575+00:00,1,"{""without_entry_tests"": 9}",,1
msu,Космические исследования и космонавтика (by_special_quota),2026,2026-08-08 14:51:21.608803+00:00,4,"{""by_special_quota"": 4}",,4
msu,Космические исследования и космонавтика (by_target_quota),2026,2026-08-08 14:51:21.618722+00:00,1,"{""by_target_quota"": 1}",,1
msu,Космические исследования и космонавтика (by_unusual_quota),2026,2026-08-08 14:51:21.613694+00:00,1,"{""by_unusual_quota"": 3}",,1
msu,Космические исследования и космонавтика (by_unusual_quota),2026,2026-08-08 14:51:21.615957+00:00,2,"{""by_unusual_quota"": 3}",,2
msu,Космические исследования и космонавтика (general_competition),2026,2026-08-08 14:51:21.623982+00:00,41,"{""general_competition"": 47}",360.0,41
msu,Космические исследования и космонавтика (paid_competition),2026,2026-08-08 14:51:21.703684+00:00,411,"{""paid_competition"": 20}",,411
msu,Космические исследования и космонавтика (without_entry_tests),2026,2026-08-08 14:51:21.621106+00:00,7,"{""without_entry_tests"": 47}",,7
msu,"Культурология, общий (by_special_quota)",2026,2026-08-08 14:51:18.778961+00:00,1,"{""by_special_quota"": 1}",,1
msu,"Культурология, общий (general_competition)",2026,2026-08-08 14:51:18.784991+00:00,4,"{""general_competition"": 6}",363.0,4
msu,"Культурология, общий (paid_competition)",2026,2026-08-08 14:51:18.794190+00:00,116,"{""paid_competition"": 20}",,116
msu,"Культурология, общий (without_entry_tests)",2026,2026-08-08 14:51:18.782473+00:00,2,"{""without_entry_tests"": 6}",,2
msu,Лечебное дело (by_special_quota),2026,2026-08-08 14:51:16.281746+00:00,6,"{""by_special_quota"": 6}",,6
msu,Лечебное дело (by_unusual_quota),2026,2026-08-08 14:51:16.284723+00:00,5,"{""by_unusual_quota"": 6}",,5
msu,Лечебное дело (by_unusual_quota),2026,2026-08-08 14:51:16.288445+00:00,1,"{""by_unusual_quota"": 6}",,1
msu,Лечебное дело (general_competition),2026,2026-08-08 14:51:16.294550+00:00,28,"{""general_competition"": 46}",380.0,28
msu,Лечебное дело (paid_competition),2026,2026-08-08 14:51:16.309237+00:00,186,"{""paid_competition"": 72}",,186
msu,Лечебное дело (without_entry_tests),2026,2026-08-08 14:51:16.290559+00:00,18,"{""without_entry_tests"": 46}",,18
msu,Лингвистика (paid_competition),2026,2026-08-08 14:51:21.440349+00:00,259,"{""paid_competition"": 30}",,259
msu,"Лингвистика (Межкультурная коммуникация, Теория и методика преподавания иностранных языков) (by_special_quota)",2026,2026-08-08 14:51:18.810389+00:00,3,"{""by_special_quota"": 3}",,3
msu,"Лингвистика (Межкультурная коммуникация, Теория и методика преподавания иностранных языков) (by_unusual_quota)",2026,2026-08-08 14:51:18.813273+00:00,6,"{""by_unusual_quota"": 6}",,6
msu,"Лингвистика (Межкультурная коммуникация, Теория и методика преподавания иностранных языков) (general_competition)",2026,2026-08-08 14:51:18.819578+00:00,16,"{""general_competition"": 28}",384.0,16
msu,"Лингвистика (Межкультурная коммуникация, Теория и методика преподавания иностранных языков) (paid_competition)",2026,2026-08-08 14:51:18.848411+00:00,415,"{""paid_competition"": 55}",,415
msu,"Лингвистика (Межкультурная коммуникация, Теория и методика преподавания иностранных языков) (without_entry_tests)",2026,2026-08-08 14:51:18.816127+00:00,12,"{""without_entry_tests"": 28}",,12
msu,"Маркетинг и рыночная аналитика, Управление проектами (paid_competition)",2026,2026-08-08 14:51:19.625987+00:00,281,"{""paid_competition"": 40}",,281
msu,"Маркетинг и рыночная аналитика, Управление проектами (without_entry_tests)",2026,2026-08-08 14:51:19.622658+00:00,5,"{""without_entry_tests"": 40}",,5
msu,Математика (by_special_quota),2026,2026-08-08 14:51:14.514064+00:00,6,"{""by_special_quota"": 6}",,6
msu,Математика (by_unusual_quota),2026,2026-08-08 14:51:14.548340+00:00,3,"{""by_unusual_quota"": 12}",,3
msu,Математика (by_unusual_quota),2026,2026-08-08 14:51:14.552078+00:00,9,"{""by_unusual_quota"": 12}",,9
msu,Математика (general_competition),2026,2026-08-08 14:51:14.561305+00:00,216,"{""general_competition"": 232}",361.0,216
msu,Математика (paid_competition),2026,2026-08-08 14:51:15.023606+00:00,11,"{""paid_competition"": 20}",,11
msu,Математика (paid_competition),2026,2026-08-08 14:51:14.672537+00:00,563,"{""paid_competition"": 50}",,563
msu,Математика (without_entry_tests),2026,2026-08-08 14:51:14.556508+00:00,16,"{""without_entry_tests"": 232}",,16
msu,Математика (without_entry_tests),2026,2026-08-08 14:51:14.669503+00:00,2,"{""without_entry_tests"": 50}",,2
msu,Медиакоммуникации (by_special_quota),2026,2026-08-08 14:51:21.910301+00:00,1,"{""by_special_quota"": 1}",,1
msu,Медиакоммуникации (by_special_quota),2026,2026-08-08 14:51:18.116039+00:00,4,"{""by_special_quota"": 4}",,4
msu,Медиакоммуникации (by_unusual_quota),2026,2026-08-08 14:51:18.119527+00:00,10,"{""by_unusual_quota"": 10}",,10
msu,Медиакоммуникации (by_unusual_quota),2026,2026-08-08 14:51:21.914014+00:00,1,"{""by_unusual_quota"": 1}",,1
msu,Медиакоммуникации (general_competition),2026,2026-08-08 14:51:21.916055+00:00,8,"{""general_competition"": 8}",248.0,8
msu,Медиакоммуникации (general_competition),2026,2026-08-08 14:51:18.123903+00:00,51,"{""general_competition"": 51}",360.0,51
msu,Медиакоммуникации (paid_competition),2026,2026-08-08 14:51:21.919378+00:00,6,"{""paid_competition"": 10}",,6
msu,Медиакоммуникации (paid_competition),2026,2026-08-08 14:51:18.153296+00:00,338,"{""paid_competition"": 110}",,338
msu,Международная журналистика (by_special_quota),2026,2026-08-08 14:51:18.197920+00:00,1,"{""by_special_quota"": 1}",,1
msu,Международная журналистика (by_unusual_quota),2026,2026-08-08 14:51:18.200556+00:00,5,"{""by_unusual_quota"": 5}",,5
msu,Международная журналистика (general_competition),2026,2026-08-08 14:51:18.205113+00:00,17,"{""general_competition"": 19}",368.0,17
msu,Международная журналистика (paid_competition),2026,2026-08-08 14:51:18.228281+00:00,375,"{""paid_competition"": 35}",,375
msu,Международная журналистика (without_entry_tests),2026,2026-08-08 14:51:18.202861+00:00,2,"{""without_entry_tests"": 19}",,2
msu,Международно-правовая (paid_competition),2026,2026-08-08 14:51:17.625073+00:00,573,"{""paid_competition"": 125}",,573
msu,Международное гуманитарное сотрудничество (paid_competition),2026,2026-08-08 14:51:21.419496+00:00,137,"{""paid_competition"": 15}",,137
msu,Международные отношения (by_special_quota),2026,2026-08-08 14:51:20.689923+00:00,2,"{""by_special_quota"": 2}",,2
msu,Международные отношения (by_target_quota),2026,2026-08-08 14:51:20.706476+00:00,1,"{""by_target_quota"": 1}",,1
msu,Международные отношения (by_unusual_quota),2026,2026-08-08 14:51:20.696816+00:00,4,"{""by_unusual_quota"": 4}",,4
msu,Международные отношения (general_competition),2026,2026-08-08 14:51:20.716014+00:00,6,"{""general_competition"": 7}",390.0,6
msu,Международные отношения (paid_competition),2026,2026-08-08 14:51:20.762318+00:00,789,"{""paid_competition"": 180}",,789
msu,Международные отношения (without_entry_tests),2026,2026-08-08 14:51:20.712931+00:00,1,"{""without_entry_tests"": 7}",,1
msu,Менеджмент (by_special_quota),2026,2026-08-08 14:51:21.923495+00:00,2,"{""by_special_quota"": 2}",,2
msu,Менеджмент (by_special_quota),2026,2026-08-08 14:51:17.128485+00:00,3,"{""by_special_quota"": 3}",,3
msu,Менеджмент (by_target_quota),2026,2026-08-08 14:51:17.136313+00:00,1,"{""by_target_quota"": 1}",,1
msu,Менеджмент (by_unusual_quota),2026,2026-08-08 14:51:17.134243+00:00,2,"{""by_unusual_quota"": 4}",,2
msu,Менеджмент (by_unusual_quota),2026,2026-08-08 14:51:21.928663+00:00,1,"{""by_unusual_quota"": 2}",,1
msu,Менеджмент (by_unusual_quota),2026,2026-08-08 14:51:17.131788+00:00,2,"{""by_unusual_quota"": 4}",,2
msu,Менеджмент (by_unusual_quota),2026,2026-08-08 14:51:21.931194+00:00,1,"{""by_unusual_quota"": 2}",,1
msu,Менеджмент (general_competition),2026,2026-08-08 14:51:21.934590+00:00,16,"{""general_competition"": 16}",334.0,16
msu,Менеджмент (general_competition),2026,2026-08-08 14:51:17.140858+00:00,13,"{""general_competition"": 18}",387.0,13
msu,Менеджмент (paid_competition),2026,2026-08-08 14:51:17.204252+00:00,1344,"{""paid_competition"": 220}",,1344
msu,Менеджмент (paid_competition),2026,2026-08-08 14:51:21.947437+00:00,61,"{""paid_competition"": 15}",,61
msu,Менеджмент (without_entry_tests),2026,2026-08-08 14:51:17.202214+00:00,4,"{""without_entry_tests"": 220}",,4
msu,Менеджмент (without_entry_tests),2026,2026-08-08 14:51:17.138337+00:00,5,"{""without_entry_tests"": 18}",,5
msu,Менеджмент (общий) (paid_competition),2026,2026-08-08 14:51:20.260888+00:00,772,"{""paid_competition"": 75}",,772
msu,Менеджмент в культуре (paid_competition),2026,2026-08-08 14:51:20.058194+00:00,72,"{""paid_competition"": 15}",,72
msu,Менеджмент в культуре (without_entry_tests),2026,2026-08-08 14:51:20.054627+00:00,1,"{""without_entry_tests"": 15}",,1
msu,Менеджмент в спорте (paid_competition),2026,2026-08-08 14:51:20.071830+00:00,100,"{""paid_competition"": 15}",,100
msu,Менеджмент и маркетинг в сфере культуры и культурный туризм (paid_competition),2026,2026-08-08 14:51:20.088707+00:00,96,"{""paid_competition"": 15}",,96
msu,Механика (by_special_quota),2026,2026-08-08 14:51:14.750236+00:00,2,"{""by_special_quota"": 2}",,2
msu,Механика (general_competition),2026,2026-08-08 14:51:14.756153+00:00,93,"{""general_competition"": 98}",355.0,93
msu,Механика (paid_competition),2026,2026-08-08 14:51:14.828922+00:00,445,"{""paid_competition"": 20}",,445
msu,Механика (without_entry_tests),2026,2026-08-08 14:51:14.753554+00:00,4,"{""without_entry_tests"": 98}",,4
msu,Музейный и галерейный менеджмент (paid_competition),2026,2026-08-08 14:51:20.106433+00:00,42,"{""paid_competition"": 15}",,42
msu,"Науки о Земле (География, Картография и геоинформатика, Гидрометеорология, Экология и природопользование) (by_special_quota)",2026,2026-08-08 14:51:16.173396+00:00,5,"{""by_special_quota"": 5}",,5
msu,"Науки о Земле (География, Картография и геоинформатика, Гидрометеорология, Экология и природопользование) (by_unusual_quota)",2026,2026-08-08 14:51:16.176749+00:00,5,"{""by_unusual_quota"": 5}",,5
msu,"Науки о Земле (География, Картография и геоинформатика, Гидрометеорология, Экология и природопользование) (general_competition)",2026,2026-08-08 14:51:16.184907+00:00,111,"{""general_competition"": 137}",308.0,111
msu,"Науки о Земле (География, Картография и геоинформатика, Гидрометеорология, Экология и природопользование) (paid_competition)",2026,2026-08-08 14:51:16.212560+00:00,104,"{""paid_competition"": 20}",,104
msu,"Науки о Земле (География, Картография и геоинформатика, Гидрометеорология, Экология и природопользование) (without_entry_tests)",2026,2026-08-08 14:51:16.179514+00:00,26,"{""without_entry_tests"": 137}",,26
msu,Общая политология (by_special_quota),2026,2026-08-08 14:51:19.859823+00:00,4,"{""by_special_quota"": 4}",,4
msu,Общая политология (by_unusual_quota),2026,2026-08-08 14:51:19.863381+00:00,4,"{""by_unusual_quota"": 4}",,4
msu,Общая политология (general_competition),2026,2026-08-08 14:51:19.870225+00:00,24,"{""general_competition"": 29}",355.0,24
msu,Общая политология (paid_competition),2026,2026-08-08 14:51:19.904892+00:00,495,"{""paid_competition"": 28}",,495
msu,Общая политология (without_entry_tests),2026,2026-08-08 14:51:19.866255+00:00,5,"{""without_entry_tests"": 29}",,5
msu,Педагогика и психология девиантного поведения (by_unusual_quota),2026,2026-08-08 14:51:18.362756+00:00,2,"{""by_unusual_quota"": 4}",,2
msu,Педагогика и психология девиантного поведения (by_unusual_quota),2026,2026-08-08 14:51:18.359966+00:00,2,"{""by_unusual_quota"": 4}",,2
msu,Педагогика и психология девиантного поведения (general_competition),2026,2026-08-08 14:51:18.364969+00:00,14,"{""general_competition"": 14}",317.0,14
msu,Педагогика и психология девиантного поведения (paid_competition),2026,2026-08-08 14:51:18.375314+00:00,79,"{""paid_competition"": 25}",,79
msu,Перевод и переводоведение (by_unusual_quota),2026,2026-08-08 14:51:21.475385+00:00,2,"{""by_unusual_quota"": 2}",,2
msu,Перевод и переводоведение (general_competition),2026,2026-08-08 14:51:21.481859+00:00,3,"{""general_competition"": 7}",374.0,3
msu,Перевод и переводоведение (paid_competition),2026,2026-08-08 14:51:21.498198+00:00,237,"{""paid_competition"": 20}",,237
msu,Перевод и переводоведение (without_entry_tests),2026,2026-08-08 14:51:21.478315+00:00,4,"{""without_entry_tests"": 7}",,4
msu,"Перевод и переводоведение (Специальный перевод, Лингвистическое обеспечение межгосударственных отношений) (by_unusual_quota)",2026,2026-08-08 14:51:18.903882+00:00,1,"{""by_unusual_quota"": 1}",,1
msu,"Перевод и переводоведение (Специальный перевод, Лингвистическое обеспечение межгосударственных отношений) (general_competition)",2026,2026-08-08 14:51:18.909439+00:00,11,"{""general_competition"": 13}",368.0,11
msu,"Перевод и переводоведение (Специальный перевод, Лингвистическое обеспечение межгосударственных отношений) (paid_competition)",2026,2026-08-08 14:51:18.929737+00:00,255,"{""paid_competition"": 17}",,255
msu,"Перевод и переводоведение (Специальный перевод, Лингвистическое обеспечение межгосударственных отношений) (without_entry_tests)",2026,2026-08-08 14:51:18.907022+00:00,2,"{""without_entry_tests"": 13}",,2
msu,Политический менеджмент (by_special_quota),2026,2026-08-08 14:51:19.977588+00:00,1,"{""by_special_quota"": 1}",,1
msu,Политический менеджмент (by_unusual_quota),2026,2026-08-08 14:51:19.980816+00:00,1,"{""by_unusual_quota"": 1}",,1
msu,Политический менеджмент (general_competition),2026,2026-08-08 14:51:19.983294+00:00,5,"{""general_competition"": 5}",358.0,5
msu,Политический менеджмент (paid_competition),2026,2026-08-08 14:51:20.006397+00:00,343,"{""paid_competition"": 12}",,343
msu,Политология (общий) (by_special_quota),2026,2026-08-08 14:51:20.366760+00:00,1,"{""by_special_quota"": 1}",,1
msu,Политология (общий) (by_unusual_quota),2026,2026-08-08 14:51:20.370125+00:00,1,"{""by_unusual_quota"": 1}",,1
msu,Политология (общий) (general_competition),2026,2026-08-08 14:51:20.377921+00:00,1,"{""general_competition"": 3}",370.0,1
msu,Политология (общий) (paid_competition),2026,2026-08-08 14:51:20.410331+00:00,378,"{""paid_competition"": 20}",,378
msu,Политология (общий) (without_entry_tests),2026,2026-08-08 14:51:20.374788+00:00,2,"{""without_entry_tests"": 3}",,2
msu,Построение систем искусственного интеллекта (by_special_quota),2026,2026-08-08 14:51:21.762159+00:00,2,"{""by_special_quota"": 2}",,2
msu,Построение систем искусственного интеллекта (by_unusual_quota),2026,2026-08-08 14:51:21.765951+00:00,2,"{""by_unusual_quota"": 2}",,2
msu,Построение систем искусственного интеллекта (general_competition),2026,2026-08-08 14:51:21.772777+00:00,12,"{""general_competition"": 16}",394.0,12
msu,Построение систем искусственного интеллекта (paid_competition),2026,2026-08-08 14:51:21.832162+00:00,588,"{""paid_competition"": 16}",,588
msu,Построение систем искусственного интеллекта (without_entry_tests),2026,2026-08-08 14:51:21.768786+00:00,4,"{""without_entry_tests"": 16}",,4
msu,Прагматика и менеджмент культуры (by_unusual_quota),2026,2026-08-08 14:51:16.860201+00:00,1,"{""by_unusual_quota"": 3}",,1
msu,Прагматика и менеджмент культуры (by_unusual_quota),2026,2026-08-08 14:51:16.864891+00:00,2,"{""by_unusual_quota"": 3}",,2
msu,Прагматика и менеджмент культуры (general_competition),2026,2026-08-08 14:51:16.871248+00:00,10,"{""general_competition"": 12}",350.0,10
msu,Прагматика и менеджмент культуры (paid_competition),2026,2026-08-08 14:51:16.884688+00:00,191,"{""paid_competition"": 40}",,191
msu,Прагматика и менеджмент культуры (without_entry_tests),2026,2026-08-08 14:51:16.868157+00:00,2,"{""without_entry_tests"": 12}",,2
msu,Прикладная математика и информатика (by_special_quota),2026,2026-08-08 14:51:21.956656+00:00,2,"{""by_special_quota"": 2}",,2
msu,Прикладная математика и информатика (by_special_quota),2026,2026-08-08 14:51:15.027423+00:00,9,"{""by_special_quota"": 9}",,9
msu,Прикладная математика и информатика (by_target_quota),2026,2026-08-08 14:51:15.040291+00:00,5,"{""by_target_quota"": 5}",,5
msu,Прикладная математика и информатика (by_target_quota),2026,2026-08-08 14:51:15.045651+00:00,1,"{""by_target_quota"": 1}",,1
msu,Прикладная математика и информатика (by_target_quota),2026,2026-08-08 14:51:15.043289+00:00,1,"{""by_target_quota"": 1}",,1
msu,Прикладная математика и информатика (by_unusual_quota),2026,2026-08-08 14:51:21.959890+00:00,2,"{""by_unusual_quota"": 2}",,2
msu,Прикладная математика и информатика (by_unusual_quota),2026,2026-08-08 14:51:15.032308+00:00,4,"{""by_unusual_quota"": 26}",,4
msu,Прикладная математика и информатика (by_unusual_quota),2026,2026-08-08 14:51:15.035174+00:00,22,"{""by_unusual_quota"": 26}",,22
msu,Прикладная математика и информатика (general_competition),2026,2026-08-08 14:51:15.053339+00:00,246,"{""general_competition"": 269}",455.0,246
msu,Прикладная математика и информатика (general_competition),2026,2026-08-08 14:51:21.962442+00:00,16,"{""general_competition"": 16}",303.0,16
msu,Прикладная математика и информатика (general_competition),2026,2026-08-08 14:51:22.050655+00:00,15,"{""general_competition"": 15}",247.0,15
msu,Прикладная математика и информатика (paid_competition),2026,2026-08-08 14:51:21.968598+00:00,37,"{""paid_competition"": 15}",,37
msu,Прикладная математика и информатика (paid_competition),2026,2026-08-08 14:51:22.055704+00:00,18,"{""paid_competition"": 10}",,18
msu,Прикладная математика и информатика (paid_competition),2026,2026-08-08 14:51:15.156663+00:00,584,"{""paid_competition"": 120}",,584
msu,Прикладная математика и информатика (without_entry_tests),2026,2026-08-08 14:51:15.154179+00:00,1,"{""without_entry_tests"": 120}",,1
msu,Прикладная математика и информатика (without_entry_tests),2026,2026-08-08 14:51:15.047784+00:00,23,"{""without_entry_tests"": 269}",,23
msu,Прикладные математика и физика (by_special_quota),2026,2026-08-08 14:51:19.061679+00:00,1,"{""by_special_quota"": 1}",,1
msu,Прикладные математика и физика (by_target_quota),2026,2026-08-08 14:51:19.072021+00:00,1,"{""by_target_quota"": 1}",,1
msu,Прикладные математика и физика (by_unusual_quota),2026,2026-08-08 14:51:19.064166+00:00,1,"{""by_unusual_quota"": 3}",,1
msu,Прикладные математика и физика (by_unusual_quota),2026,2026-08-08 14:51:19.066989+00:00,2,"{""by_unusual_quota"": 3}",,2
msu,Прикладные математика и физика (general_competition),2026,2026-08-08 14:51:19.087538+00:00,14,"{""general_competition"": 14}",366.0,14
msu,Прикладные математика и физика (paid_competition),2026,2026-08-08 14:51:19.138815+00:00,345,"{""paid_competition"": 7}",,345
msu,Продюсерство (by_unusual_quota),2026,2026-08-08 14:51:20.114992+00:00,2,"{""by_unusual_quota"": 2}",,2
msu,Продюсерство (general_competition),2026,2026-08-08 14:51:20.117815+00:00,10,"{""general_competition"": 10}",351.0,10
msu,Продюсерство (paid_competition),2026,2026-08-08 14:51:20.123461+00:00,35,"{""paid_competition"": 50}",,35
msu,Психология (by_unusual_quota),2026,2026-08-08 14:51:22.059653+00:00,1,"{""by_unusual_quota"": 2}",,1
msu,Психология (by_unusual_quota),2026,2026-08-08 14:51:22.061475+00:00,1,"{""by_unusual_quota"": 2}",,1
msu,Психология (general_competition),2026,2026-08-08 14:51:22.063343+00:00,8,"{""general_competition"": 8}",237.0,8
msu,Психология (paid_competition),2026,2026-08-08 14:51:22.066353+00:00,4,"{""paid_competition"": 2}",,4
msu,Психология служебной деятельности (by_special_quota),2026,2026-08-08 14:51:18.388765+00:00,5,"{""by_special_quota"": 5}",,5
msu,Психология служебной деятельности (by_unusual_quota),2026,2026-08-08 14:51:18.391374+00:00,7,"{""by_unusual_quota"": 7}",,7
msu,Психология служебной деятельности (general_competition),2026,2026-08-08 14:51:18.394168+00:00,35,"{""general_competition"": 35}",321.0,35
msu,Психология служебной деятельности (paid_competition),2026,2026-08-08 14:51:18.412651+00:00,191,"{""paid_competition"": 55}",,191
msu,Публичная политика и социальные науки (by_special_quota),2026,2026-08-08 14:51:18.548853+00:00,2,"{""by_special_quota"": 2}",,2
msu,Публичная политика и социальные науки (by_unusual_quota),2026,2026-08-08 14:51:18.551649+00:00,5,"{""by_unusual_quota"": 5}",,5
msu,Публичная политика и социальные науки (general_competition),2026,2026-08-08 14:51:18.554606+00:00,19,"{""general_competition"": 19}",348.0,19
msu,Публичная политика и социальные науки (paid_competition),2026,2026-08-08 14:51:18.580880+00:00,388,"{""paid_competition"": 20}",,388
msu,Регионоведение России (by_special_quota),2026,2026-08-08 14:51:18.991149+00:00,1,"{""by_special_quota"": 1}",,1
msu,Регионоведение России (general_competition),2026,2026-08-08 14:51:18.993940+00:00,7,"{""general_competition"": 7}",313.0,7
msu,Регионоведение России (paid_competition),2026,2026-08-08 14:51:18.998688+00:00,29,"{""paid_competition"": 5}",,29
msu,Реклама и связи с общественностью (by_special_quota),2026,2026-08-08 14:51:16.913419+00:00,1,"{""by_special_quota"": 1}",,1
msu,Реклама и связи с общественностью (by_unusual_quota),2026,2026-08-08 14:51:16.916219+00:00,2,"{""by_unusual_quota"": 3}",,2
msu,Реклама и связи с общественностью (by_unusual_quota),2026,2026-08-08 14:51:16.918396+00:00,1,"{""by_unusual_quota"": 3}",,1
msu,Реклама и связи с общественностью (general_competition),2026,2026-08-08 14:51:16.920925+00:00,10,"{""general_competition"": 10}",376.0,10
msu,Реклама и связи с общественностью (paid_competition),2026,2026-08-08 14:51:16.951023+00:00,669,"{""paid_competition"": 85}",,669
msu,Религиоведение (general_competition),2026,2026-08-08 14:51:17.031757+00:00,18,"{""general_competition"": 18}",317.0,18
msu,Религиоведение (paid_competition),2026,2026-08-08 14:51:17.042355+00:00,70,"{""paid_competition"": 10}",,70
msu,Русский язык и литература (by_special_quota),2026,2026-08-08 14:51:16.695039+00:00,1,"{""by_special_quota"": 1}",,1
msu,Русский язык и литература (by_unusual_quota),2026,2026-08-08 14:51:16.699607+00:00,7,"{""by_unusual_quota"": 8}",,7
msu,Русский язык и литература (by_unusual_quota),2026,2026-08-08 14:51:16.697491+00:00,1,"{""by_unusual_quota"": 8}",,1
msu,Русский язык и литература (general_competition),2026,2026-08-08 14:51:16.706710+00:00,47,"{""general_competition"": 66}",341.0,47
msu,Русский язык и литература (paid_competition),2026,2026-08-08 14:51:16.734979+00:00,206,"{""paid_competition"": 10}",,206
msu,Русский язык и литература (without_entry_tests),2026,2026-08-08 14:51:16.732353+00:00,1,"{""without_entry_tests"": 10}",,1
msu,Русский язык и литература (without_entry_tests),2026,2026-08-08 14:51:16.702382+00:00,19,"{""without_entry_tests"": 66}",,19
msu,"Славянская, греческая и классическая филология (general_competition)",2026,2026-08-08 14:51:16.767697+00:00,23,"{""general_competition"": 24}",330.0,23
msu,"Славянская, греческая и классическая филология (paid_competition)",2026,2026-08-08 14:51:16.783625+00:00,111,"{""paid_competition"": 5}",,111
msu,"Славянская, греческая и классическая филология (without_entry_tests)",2026,2026-08-08 14:51:16.764633+00:00,1,"{""without_entry_tests"": 24}",,1
msu,Социология (by_special_quota),2026,2026-08-08 14:51:18.632831+00:00,4,"{""by_special_quota"": 4}",,4
msu,Социология (by_unusual_quota),2026,2026-08-08 14:51:18.636326+00:00,16,"{""by_unusual_quota"": 16}",,16
msu,Социология (general_competition),2026,2026-08-08 14:51:18.640446+00:00,79,"{""general_competition"": 79}",334.0,79
msu,Социология (paid_competition),2026,2026-08-08 14:51:18.675817+00:00,371,"{""paid_competition"": 40}",,371
msu,"Социология, общий (by_special_quota)",2026,2026-08-08 14:51:19.660014+00:00,2,"{""by_special_quota"": 2}",,2
msu,"Социология, общий (by_unusual_quota)",2026,2026-08-08 14:51:19.662576+00:00,1,"{""by_unusual_quota"": 4}",,1
msu,"Социология, общий (by_unusual_quota)",2026,2026-08-08 14:51:19.664273+00:00,3,"{""by_unusual_quota"": 4}",,3
msu,"Социология, общий (general_competition)",2026,2026-08-08 14:51:19.669801+00:00,10,"{""general_competition"": 15}",361.0,10
msu,"Социология, общий (paid_competition)",2026,2026-08-08 14:51:19.703469+00:00,511,"{""paid_competition"": 14}",,511
msu,"Социология, общий (without_entry_tests)",2026,2026-08-08 14:51:19.667349+00:00,5,"{""without_entry_tests"": 15}",,5
msu,Телевидение (by_special_quota),2026,2026-08-08 14:51:19.581119+00:00,2,"{""by_special_quota"": 2}",,2
msu,Телевидение (by_unusual_quota),2026,2026-08-08 14:51:19.584664+00:00,2,"{""by_unusual_quota"": 2}",,2
msu,Телевидение (general_competition),2026,2026-08-08 14:51:19.589215+00:00,9,"{""general_competition"": 11}",371.0,9
msu,Телевидение (paid_competition),2026,2026-08-08 14:51:19.600373+00:00,145,"{""paid_competition"": 40}",,145
msu,Телевидение (without_entry_tests),2026,2026-08-08 14:51:19.586905+00:00,2,"{""without_entry_tests"": 11}",,2
msu,Теоретическая и математическая физика (by_special_quota),2026,2026-08-08 14:51:15.389273+00:00,3,"{""by_special_quota"": 3}",,3
msu,Теоретическая и математическая физика (by_unusual_quota),2026,2026-08-08 14:51:15.393139+00:00,1,"{""by_unusual_quota"": 3}",,1
msu,Теоретическая и математическая физика (by_unusual_quota),2026,2026-08-08 14:51:15.395151+00:00,2,"{""by_unusual_quota"": 3}",,2
msu,Теоретическая и математическая физика (general_competition),2026,2026-08-08 14:51:15.400357+00:00,7,"{""general_competition"": 19}",389.0,7
msu,Теоретическая и математическая физика (paid_competition),2026,2026-08-08 14:51:15.445352+00:00,292,"{""paid_competition"": 5}",,292
msu,Теоретическая и математическая физика (without_entry_tests),2026,2026-08-08 14:51:15.397196+00:00,12,"{""without_entry_tests"": 19}",,12
msu,Туризм (by_special_quota),2026,2026-08-08 14:51:16.229636+00:00,1,"{""by_special_quota"": 1}",,1
msu,Туризм (by_unusual_quota),2026,2026-08-08 14:51:16.232264+00:00,1,"{""by_unusual_quota"": 1}",,1
msu,Туризм (general_competition),2026,2026-08-08 14:51:16.235163+00:00,8,"{""general_competition"": 8}",340.0,8
msu,Туризм (paid_competition),2026,2026-08-08 14:51:16.244752+00:00,101,"{""paid_competition"": 5}",,101
msu,Управление бизнесом и предпринимательство (paid_competition),2026,2026-08-08 14:51:20.549110+00:00,1037,"{""paid_competition"": 85}",,1037
msu,Управление персоналом (общий) (by_special_quota),2026,2026-08-08 14:51:20.467071+00:00,1,"{""by_special_quota"": 1}",,1
msu,Управление персоналом (общий) (by_unusual_quota),2026,2026-08-08 14:51:20.472725+00:00,1,"{""by_unusual_quota"": 1}",,1
msu,Управление персоналом (общий) (general_competition),2026,2026-08-08 14:51:20.476638+00:00,3,"{""general_competition"": 3}",381.0,3
msu,Управление персоналом (общий) (paid_competition),2026,2026-08-08 14:51:20.496468+00:00,338,"{""paid_competition"": 15}",,338
msu,"Управление персоналом, общий (by_special_quota)",2026,2026-08-08 14:51:19.767655+00:00,1,"{""by_special_quota"": 1}",,1
msu,"Управление персоналом, общий (by_unusual_quota)",2026,2026-08-08 14:51:19.770618+00:00,1,"{""by_unusual_quota"": 1}",,1
msu,"Управление персоналом, общий (general_competition)",2026,2026-08-08 14:51:19.775648+00:00,2,"{""general_competition"": 3}",362.0,2
msu,"Управление персоналом, общий (paid_competition)",2026,2026-08-08 14:51:19.788499+00:00,170,"{""paid_competition"": 20}",,170
msu,"Управление персоналом, общий (without_entry_tests)",2026,2026-08-08 14:51:19.786477+00:00,3,"{""without_entry_tests"": 20}",,3
msu,"Управление персоналом, общий (without_entry_tests)",2026,2026-08-08 14:51:19.773740+00:00,1,"{""without_entry_tests"": 3}",,1
msu,Фармация (by_special_quota),2026,2026-08-08 14:51:21.975160+00:00,1,"{""by_special_quota"": 1}",,1
msu,Фармация (by_target_quota),2026,2026-08-08 14:51:16.335183+00:00,1,"{""by_target_quota"": 1}",,1
msu,Фармация (by_unusual_quota),2026,2026-08-08 14:51:21.978354+00:00,2,"{""by_unusual_quota"": 3}",,2
msu,Фармация (by_unusual_quota),2026,2026-08-08 14:51:21.981254+00:00,1,"{""by_unusual_quota"": 3}",,1
msu,Фармация (general_competition),2026,2026-08-08 14:51:16.341798+00:00,15,"{""general_competition"": 17}",356.0,15
msu,Фармация (general_competition),2026,2026-08-08 14:51:21.983544+00:00,11,"{""general_competition"": 11}",170.0,11
msu,Фармация (paid_competition),2026,2026-08-08 14:51:16.353737+00:00,92,"{""paid_competition"": 10}",,92
msu,Фармация (paid_competition),2026,2026-08-08 14:51:21.987007+00:00,7,"{""paid_competition"": 15}",,7
msu,Фармация (without_entry_tests),2026,2026-08-08 14:51:16.337798+00:00,2,"{""without_entry_tests"": 17}",,2
msu,Физика частиц и экстремальных состояний материи (by_unusual_quota),2026,2026-08-08 14:51:15.485551+00:00,1,"{""by_unusual_quota"": 1}",,1
msu,Физика частиц и экстремальных состояний материи (general_competition),2026,2026-08-08 14:51:15.487949+00:00,23,"{""general_competition"": 23}",364.0,23
msu,Физика частиц и экстремальных состояний материи (paid_competition),2026,2026-08-08 14:51:15.536113+00:00,287,"{""paid_competition"": 5}",,287
msu,Физико-химическая биология. Общая биология (by_special_quota),2026,2026-08-08 14:51:15.897633+00:00,9,"{""by_special_quota"": 9}",,9
msu,Физико-химическая биология. Общая биология (by_target_quota),2026,2026-08-08 14:51:15.905163+00:00,2,"{""by_target_quota"": 2}",,2
msu,Физико-химическая биология. Общая биология (by_unusual_quota),2026,2026-08-08 14:51:15.901911+00:00,5,"{""by_unusual_quota"": 5}",,5
msu,Физико-химическая биология. Общая биология (general_competition),2026,2026-08-08 14:51:15.912971+00:00,113,"{""general_competition"": 139}",428.0,113
msu,Физико-химическая биология. Общая биология (paid_competition),2026,2026-08-08 14:51:15.946988+00:00,255,"{""paid_competition"": 60}",,255
msu,Физико-химическая биология. Общая биология (without_entry_tests),2026,2026-08-08 14:51:15.907264+00:00,26,"{""without_entry_tests"": 139}",,26
msu,Филология (by_unusual_quota),2026,2026-08-08 14:51:22.068703+00:00,1,"{""by_unusual_quota"": 1}",,1
msu,Филология (general_competition),2026,2026-08-08 14:51:22.071126+00:00,9,"{""general_competition"": 9}",227.0,9
msu,Филология (paid_competition),2026,2026-08-08 14:51:22.074857+00:00,6,"{""paid_competition"": 4}",,6
msu,Философия (by_special_quota),2026,2026-08-08 14:51:17.054323+00:00,4,"{""by_special_quota"": 4}",,4
msu,Философия (by_unusual_quota),2026,2026-08-08 14:51:17.059672+00:00,8,"{""by_unusual_quota"": 10}",,8
msu,Философия (by_unusual_quota),2026,2026-08-08 14:51:17.057296+00:00,2,"{""by_unusual_quota"": 10}",,2
msu,Философия (general_competition),2026,2026-08-08 14:51:17.066032+00:00,49,"{""general_competition"": 56}",333.0,49
msu,Философия (paid_competition),2026,2026-08-08 14:51:17.090366+00:00,294,"{""paid_competition"": 30}",,294
msu,Философия (without_entry_tests),2026,2026-08-08 14:51:17.062974+00:00,7,"{""without_entry_tests"": 56}",,7
msu,Фундаментальная и прикладная биология (биотехнология) (by_special_quota),2026,2026-08-08 14:51:21.989796+00:00,1,"{""by_special_quota"": 1}",,1
msu,Фундаментальная и прикладная биология (биотехнология) (by_unusual_quota),2026,2026-08-08 14:51:21.991972+00:00,2,"{""by_unusual_quota"": 3}",,2
msu,Фундаментальная и прикладная биология (биотехнология) (by_unusual_quota),2026,2026-08-08 14:51:21.994145+00:00,1,"{""by_unusual_quota"": 3}",,1
msu,Фундаментальная и прикладная биология (биотехнология) (general_competition),2026,2026-08-08 14:51:21.996219+00:00,11,"{""general_competition"": 11}",248.0,11
msu,Фундаментальная и прикладная биология (биотехнология) (paid_competition),2026,2026-08-08 14:51:22.000096+00:00,5,"{""paid_competition"": 15}",,5
msu,Фундаментальная и прикладная лингвистика (by_special_quota),2026,2026-08-08 14:51:16.799676+00:00,1,"{""by_special_quota"": 1}",,1
msu,Фундаментальная и прикладная лингвистика (by_unusual_quota),2026,2026-08-08 14:51:16.802690+00:00,1,"{""by_unusual_quota"": 2}",,1
msu,Фундаментальная и прикладная лингвистика (by_unusual_quota),2026,2026-08-08 14:51:16.804837+00:00,1,"{""by_unusual_quota"": 2}",,1
msu,Фундаментальная и прикладная лингвистика (general_competition),2026,2026-08-08 14:51:16.810867+00:00,5,"{""general_competition"": 24}",385.0,5
msu,Фундаментальная и прикладная лингвистика (paid_competition),2026,2026-08-08 14:51:16.824813+00:00,128,"{""paid_competition"": 14}",,128
msu,Фундаментальная и прикладная лингвистика (without_entry_tests),2026,2026-08-08 14:51:16.822056+00:00,2,"{""without_entry_tests"": 14}",,2
msu,Фундаментальная и прикладная лингвистика (without_entry_tests),2026,2026-08-08 14:51:16.806629+00:00,19,"{""without_entry_tests"": 24}",,19
msu,Фундаментальная и прикладная физика (by_special_quota),2026,2026-08-08 14:51:15.595644+00:00,13,"{""by_special_quota"": 13}",,13
msu,Фундаментальная и прикладная физика (by_unusual_quota),2026,2026-08-08 14:51:15.603808+00:00,22,"{""by_unusual_quota"": 23}",,22
msu,Фундаментальная и прикладная физика (by_unusual_quota),2026,2026-08-08 14:51:15.600960+00:00,1,"{""by_unusual_quota"": 23}",,1
msu,Фундаментальная и прикладная физика (general_competition),2026,2026-08-08 14:51:22.077370+00:00,8,"{""general_competition"": 8}",221.0,8
msu,Фундаментальная и прикладная физика (general_competition),2026,2026-08-08 14:51:15.621026+00:00,237,"{""general_competition"": 310}",363.0,237
msu,Фундаментальная и прикладная физика (paid_competition),2026,2026-08-08 14:51:15.702578+00:00,470,"{""paid_competition"": 75}",,470
msu,Фундаментальная и прикладная физика (paid_competition),2026,2026-08-08 14:51:22.080810+00:00,7,"{""paid_competition"": 5}",,7
msu,Фундаментальная и прикладная физика (without_entry_tests),2026,2026-08-08 14:51:15.608750+00:00,73,"{""without_entry_tests"": 310}",,73
msu,Фундаментальная и прикладная химия (by_special_quota),2026,2026-08-08 14:51:15.766809+00:00,11,"{""by_special_quota"": 11}",,11
msu,Фундаментальная и прикладная химия (by_target_quota),2026,2026-08-08 14:51:15.781567+00:00,1,"{""by_target_quota"": 1}",,1
msu,Фундаментальная и прикладная химия (by_target_quota),2026,2026-08-08 14:51:15.778567+00:00,4,"{""by_target_quota"": 4}",,4
msu,Фундаментальная и прикладная химия (by_target_quota),2026,2026-08-08 14:51:15.783754+00:00,1,"{""by_target_quota"": 1}",,1
msu,Фундаментальная и прикладная химия (by_unusual_quota),2026,2026-08-08 14:51:15.771732+00:00,2,"{""by_unusual_quota"": 15}",,2
msu,Фундаментальная и прикладная химия (by_unusual_quota),2026,2026-08-08 14:51:15.774423+00:00,13,"{""by_unusual_quota"": 15}",,13
msu,Фундаментальная и прикладная химия (general_competition),2026,2026-08-08 14:51:15.798379+00:00,116,"{""general_competition"": 183}",444.0,116
msu,Фундаментальная и прикладная химия (paid_competition),2026,2026-08-08 14:51:15.829613+00:00,205,"{""paid_competition"": 60}",,205
msu,Фундаментальная и прикладная химия (without_entry_tests),2026,2026-08-08 14:51:15.786303+00:00,67,"{""without_entry_tests"": 183}",,67
msu,Фундаментальная информатика и информационные технологии (by_special_quota),2026,2026-08-08 14:51:15.231482+00:00,1,"{""by_special_quota"": 1}",,1
msu,Фундаментальная информатика и информационные технологии (by_target_quota),2026,2026-08-08 14:51:15.237684+00:00,1,"{""by_target_quota"": 1}",,1
msu,Фундаментальная информатика и информационные технологии (by_unusual_quota),2026,2026-08-08 14:51:15.234550+00:00,1,"{""by_unusual_quota"": 1}",,1
msu,Фундаментальная информатика и информационные технологии (general_competition),2026,2026-08-08 14:51:15.240338+00:00,16,"{""general_competition"": 15}",469.0,16
msu,Фундаментальная информатика и информационные технологии (paid_competition),2026,2026-08-08 14:51:15.285032+00:00,326,"{""paid_competition"": 3}",,326
msu,Фундаментальная математика и математическая физика (by_special_quota),2026,2026-08-08 14:51:14.898334+00:00,2,"{""by_special_quota"": 2}",,2
msu,Фундаментальная математика и математическая физика (by_unusual_quota),2026,2026-08-08 14:51:14.901473+00:00,4,"{""by_unusual_quota"": 4}",,4
msu,Фундаментальная математика и математическая физика (general_competition),2026,2026-08-08 14:51:14.907957+00:00,25,"{""general_competition"": 34}",383.0,25
msu,Фундаментальная математика и математическая физика (paid_competition),2026,2026-08-08 14:51:14.971489+00:00,395,"{""paid_competition"": 10}",,395
msu,Фундаментальная математика и математическая физика (without_entry_tests),2026,2026-08-08 14:51:14.904351+00:00,9,"{""without_entry_tests"": 34}",,9
msu,Фундаментальная физико-химическая инженерия (by_special_quota),2026,2026-08-08 14:51:19.182366+00:00,1,"{""by_special_quota"": 1}",,1
msu,Фундаментальная физико-химическая инженерия (by_unusual_quota),2026,2026-08-08 14:51:19.185778+00:00,1,"{""by_unusual_quota"": 1}",,1
msu,Фундаментальная физико-химическая инженерия (general_competition),2026,2026-08-08 14:51:19.187922+00:00,20,"{""general_competition"": 20}",433.0,20
msu,Фундаментальная физико-химическая инженерия (paid_competition),2026,2026-08-08 14:51:19.202340+00:00,67,"{""paid_competition"": 5}",,67
msu,"Химия, физика и механика материалов (general_competition)",2026,2026-08-08 14:51:16.260206+00:00,28,"{""general_competition"": 28}",427.0,28
msu,"Химия, физика и механика материалов (paid_competition)",2026,2026-08-08 14:51:16.272815+00:00,49,"{""paid_competition"": 5}",,49
msu,Цифровая трансформация бизнес-информатики (paid_competition),2026,2026-08-08 14:51:19.214887+00:00,485,"{""paid_competition"": 50}",,485
msu,Цифровая трансформация бизнес-информатики (without_entry_tests),2026,2026-08-08 14:51:19.210990+00:00,16,"{""without_entry_tests"": 50}",,16
msu,Экологический менеджмент и экобезопасность. Радиоэкология. Управление земельными ресурсами и биологический контроль окружающей среды (general_competition),2026,2026-08-08 14:51:16.059077+00:00,20,"{""general_competition"": 20}",278.0,20
msu,Экологический менеджмент и экобезопасность. Радиоэкология. Управление земельными ресурсами и биологический контроль окружающей среды (paid_competition),2026,2026-08-08 14:51:16.069142+00:00,46,"{""paid_competition"": 5}",,46
msu,Экология и природопользование (by_target_quota),2026,2026-08-08 14:51:15.983087+00:00,1,"{""by_target_quota"": 1}",,1
msu,Экология и природопользование (general_competition),2026,2026-08-08 14:51:15.989040+00:00,8,"{""general_competition"": 15}",421.0,8
msu,Экология и природопользование (paid_competition),2026,2026-08-08 14:51:16.000566+00:00,64,"{""paid_competition"": 5}",,64
msu,Экология и природопользование (without_entry_tests),2026,2026-08-08 14:51:15.986228+00:00,7,"{""without_entry_tests"": 15}",,7
msu,Экономика (by_special_quota),2026,2026-08-08 14:51:17.359335+00:00,17,"{""by_special_quota"": 17}",,17
msu,Экономика (by_target_quota),2026,2026-08-08 14:51:17.378980+00:00,1,"{""by_target_quota"": 1}",,1
msu,Экономика (by_target_quota),2026,2026-08-08 14:51:17.376390+00:00,1,"{""by_target_quota"": 1}",,1
msu,Экономика (by_target_quota),2026,2026-08-08 14:51:17.373878+00:00,1,"{""by_target_quota"": 1}",,1
msu,Экономика (by_target_quota),2026,2026-08-08 14:51:17.371284+00:00,2,"{""by_target_quota"": 2}",,2
msu,Экономика (by_target_quota),2026,2026-08-08 14:51:17.380869+00:00,1,"{""by_target_quota"": 1}",,1
msu,Экономика (by_unusual_quota),2026,2026-08-08 14:51:17.368296+00:00,8,"{""by_unusual_quota"": 20}",,8
msu,Экономика (by_unusual_quota),2026,2026-08-08 14:51:17.364934+00:00,12,"{""by_unusual_quota"": 20}",,12
msu,Экономика (by_unusual_quota),2026,2026-08-08 14:51:22.083783+00:00,1,"{""by_unusual_quota"": 2}",,1
msu,Экономика (by_unusual_quota),2026,2026-08-08 14:51:22.085984+00:00,1,"{""by_unusual_quota"": 2}",,1
msu,Экономика (general_competition),2026,2026-08-08 14:51:22.088057+00:00,8,"{""general_competition"": 8}",239.0,8
msu,Экономика (general_competition),2026,2026-08-08 14:51:17.386353+00:00,110,"{""general_competition"": 123}",381.0,110
msu,Экономика (paid_competition),2026,2026-08-08 14:51:17.468994+00:00,1398,"{""paid_competition"": 195}",,1398
msu,Экономика (paid_competition),2026,2026-08-08 14:51:22.092225+00:00,15,"{""paid_competition"": 2}",,15
msu,Экономика (without_entry_tests),2026,2026-08-08 14:51:17.382821+00:00,13,"{""without_entry_tests"": 123}",,13
msu,Экономика (without_entry_tests),2026,2026-08-08 14:51:17.465978+00:00,4,"{""without_entry_tests"": 195}",,4
msu,Экономика (Государственный и муниципальный аудит) (by_special_quota),2026,2026-08-08 14:51:19.273215+00:00,1,"{""by_special_quota"": 1}",,1
msu,Экономика (Государственный и муниципальный аудит) (by_unusual_quota),2026,2026-08-08 14:51:19.276149+00:00,1,"{""by_unusual_quota"": 1}",,1
msu,Экономика (Государственный и муниципальный аудит) (general_competition),2026,2026-08-08 14:51:19.282067+00:00,2,"{""general_competition"": 3}",389.0,2
msu,Экономика (Государственный и муниципальный аудит) (paid_competition),2026,2026-08-08 14:51:19.319863+00:00,918,"{""paid_competition"": 43}",,918
msu,Экономика (Государственный и муниципальный аудит) (without_entry_tests),2026,2026-08-08 14:51:19.279791+00:00,1,"{""without_entry_tests"": 3}",,1
msu,Экономика (Экономическая теория и аналитика) (paid_competition),2026,2026-08-08 14:51:20.910931+00:00,887,"{""paid_competition"": 100}",,887
msu,Экономика (Экономическая теория и аналитика) (without_entry_tests),2026,2026-08-08 14:51:20.904778+00:00,4,"{""without_entry_tests"": 100}",,4
msu,Юриспруденция (by_special_quota),2026,2026-08-08 14:51:22.003769+00:00,2,"{""by_special_quota"": 2}",,2
msu,Юриспруденция (by_unusual_quota),2026,2026-08-08 14:51:22.006059+00:00,2,"{""by_unusual_quota"": 2}",,2
msu,Юриспруденция (general_competition),2026,2026-08-08 14:51:22.008198+00:00,16,"{""general_competition"": 16}",302.0,16
msu,Юриспруденция (paid_competition),2026,2026-08-08 14:51:17.732818+00:00,22,"{""paid_competition"": 25}",,22
msu,Юриспруденция (paid_competition),2026,2026-08-08 14:51:22.013084+00:00,35,"{""paid_competition"": 7}",,35
msu,"Юриспруденция (государственно-правовой, гражданско-правовой, уголовно-правовой) (by_special_quota)",2026,2026-08-08 14:51:17.738866+00:00,25,"{""by_special_quota"": 25}",,25
msu,"Юриспруденция (государственно-правовой, гражданско-правовой, уголовно-правовой) (by_target_quota)",2026,2026-08-08 14:51:17.754544+00:00,1,"{""by_target_quota"": 1}",,1
msu,"Юриспруденция (государственно-правовой, гражданско-правовой, уголовно-правовой) (by_target_quota)",2026,2026-08-08 14:51:17.756959+00:00,1,"{""by_target_quota"": 1}",,1
msu,"Юриспруденция (государственно-правовой, гражданско-правовой, уголовно-правовой) (by_target_quota)",2026,2026-08-08 14:51:17.760506+00:00,1,"{""by_target_quota"": 1}",,1
msu,"Юриспруденция (государственно-правовой, гражданско-правовой, уголовно-правовой) (by_target_quota)",2026,2026-08-08 14:51:17.763847+00:00,2,"{""by_target_quota"": 2}",,2
msu,"Юриспруденция (государственно-правовой, гражданско-правовой, уголовно-правовой) (by_unusual_quota)",2026,2026-08-08 14:51:17.749597+00:00,22,"{""by_unusual_quota"": 42}",,22
msu,"Юриспруденция (государственно-правовой, гражданско-правовой, уголовно-правовой) (by_unusual_quota)",2026,2026-08-08 14:51:17.744256+00:00,20,"{""by_unusual_quota"": 42}",,20
msu,"Юриспруденция (государственно-правовой, гражданско-правовой, уголовно-правовой) (general_competition)",2026,2026-08-08 14:51:17.774067+00:00,188,"{""general_competition"": 228}",360.0,188
msu,"Юриспруденция (государственно-правовой, гражданско-правовой, уголовно-правовой) (paid_competition)",2026,2026-08-08 14:51:17.866479+00:00,981,"{""paid_competition"": 280}",,981
msu,"Юриспруденция (государственно-правовой, гражданско-правовой, уголовно-правовой) (without_entry_tests)",2026,2026-08-08 14:51:17.766203+00:00,40,"{""without_entry_tests"": 228}",,40
msu,"Юриспруденция (финансово-правовой, Расследование экономических преступлений) (by_special_quota)",2026,2026-08-08 14:51:19.425053+00:00,2,"{""by_special_quota"": 2}",,2
msu,"Юриспруденция (финансово-правовой, Расследование экономических преступлений) (by_unusual_quota)",2026,2026-08-08 14:51:19.428156+00:00,4,"{""by_unusual_quota"": 4}",,4
msu,"Юриспруденция (финансово-правовой, Расследование экономических преступлений) (general_competition)",2026,2026-08-08 14:51:19.433241+00:00,3,"{""general_competition"": 17}",388.0,3
msu,"Юриспруденция (финансово-правовой, Расследование экономических преступлений) (paid_competition)",2026,2026-08-08 14:51:19.479999+00:00,854,"{""paid_competition"": 82}",,854
msu,"Юриспруденция (финансово-правовой, Расследование экономических преступлений) (without_entry_tests)",2026,2026-08-08 14:51:19.430146+00:00,14,"{""without_entry_tests"": 17}",,14
msu,"Юриспруденция (финансово-правовой, Расследование экономических преступлений) (without_entry_tests)",2026,2026-08-08 14:51:19.477925+00:00,2,"{""without_entry_tests"": 82}",,2
rnimu,Клиническая психология (Клиническая психология в здравоохранении) Общий конкурс 2026,2026,2026-08-08 14:35:47.662076+00:00,1106,"{""general_competition"": 0}",266.0,1106
rnimu,Лечебное дело (Ars Medica) Общий конкурс 2026,2026,2026-08-08 14:35:47.798064+00:00,1481,"{""general_competition"": 0}",279.0,1481
rnimu,Лечебное дело (Лечебное дело) Общий конкурс 2026,2026,2026-08-08 14:35:47.934148+00:00,7284,"{""general_competition"": 0}",271.0,7284
rnimu,Лечебное дело (Фундаментальная медицина) Общий конкурс 2026,2026,2026-08-08 14:35:48.538475+00:00,1842,"{""general_competition"": 0}",263.0,1842
rnimu,Медицинская биофизика Общий конкурс 2026,2026,2026-08-08 14:35:48.715725+00:00,181,"{""general_competition"": 0}",256.0,181
rnimu,Медицинская биохимия Общий конкурс 2026,2026,2026-08-08 14:35:48.736426+00:00,2689,"{""general_competition"": 0}",273.0,2689
rnimu,Медицинская кибернетика (Биоинформатика) Общий конкурс 2026,2026,2026-08-08 14:35:48.969001+00:00,530,"{""general_competition"": 0}",270.0,530
rnimu,Медицинская кибернетика (Медицинская информатика) Общий конкурс 2026,2026,2026-08-08 14:35:49.019297+00:00,490,"{""general_competition"": 0}",251.0,490
rnimu,Педиатрия (Фундаментальная педиатрия) Общий конкурс 2026 БВО,2026,2026-08-08 14:35:49.591415+00:00,1396,"{""general_competition"": 0}",264.0,1396
rnimu,Педиатрия Общий конкурс 2026,2026,2026-08-08 14:35:49.065137+00:00,5845,"{""general_competition"": 0}",263.0,5845
rnimu,Психология служебной деятельности (Психология безопасности) Общий конкурс 2026,2026,2026-08-08 14:35:49.710045+00:00,551,"{""general_competition"": 1}",243.0,551
rnimu,Стоматология Общий конкурс 2026,2026,2026-08-08 14:35:49.761881+00:00,3944,"{""general_competition"": 0}",,3944
rnimu,Фармация Общий конкурс 2026,2026,2026-08-08 14:35:50.106081+00:00,2425,"{""general_competition"": 2}",261.0,2425
rnimu,Фундаментальная и прикладная биология (Биомедицина) Общий конкурс 2026,2026,2026-08-08 14:35:50.305500+00:00,763,"{""general_competition"": 0}",280.0,763
rudn,05.03.06 — Экология и природопользование — Управление природными ресурсами,2026,2026-08-08 18:41:38.092224+00:00,200,"{""general_competition"": 22}",,200
rudn,05.03.06 — Экология и природопользование — Управление природными ресурсами,2026,2026-08-08 18:41:38.157765+00:00,200,"{""general_competition"": 50}",,200
rudn,05.03.06 — Экология и природопользование — Управление природными ресурсами,2026,2026-08-08 18:41:38.214692+00:00,151,"{""general_competition"": 25}",,151
rudn,05.03.06 — Экология и природопользование — Экология и природопользование,2026,2026-08-08 18:41:35.580437+00:00,36,"{""general_competition"": 7}",,36
rudn,05.03.06 — Экология и природопользование — Экология и природопользование,2026,2026-08-08 18:41:35.591578+00:00,28,"{""general_competition"": 10}",,28
rudn,05.03.06 — Экология и природопользование — Экология и природопользование,2026,2026-08-08 18:41:35.563787+00:00,63,"{""general_competition"": 5}",,63
rudn,05.03.06 — Экология и природопользование — Экология и устойчивое развитие,2026,2026-08-08 18:41:37.946079+00:00,200,"{""general_competition"": 46}",,200
rudn,05.03.06 — Экология и природопользование — Экология и устойчивое развитие,2026,2026-08-08 18:41:38.083330+00:00,23,"{""general_competition"": 24}",,23
rudn,05.03.06 — Экология и природопользование — Экология и устойчивое развитие,2026,2026-08-08 18:41:38.078356+00:00,3,"{""general_competition"": 24}",,3
rudn,05.03.06 — Экология и природопользование — Экология и устойчивое развитие,2026,2026-08-08 18:41:38.057833+00:00,71,"{""general_competition"": 25}",,71
rudn,05.03.06 — Экология и природопользование — Экология и устойчивое развитие,2026,2026-08-08 18:41:38.007519+00:00,200,"{""general_competition"": 50}",,200
rudn,06.03.01 — Биология — Биомедицина,2026,2026-08-08 18:41:38.390188+00:00,200,"{""general_competition"": 2}",,200
rudn,06.03.01 — Биология — Биомедицина,2026,2026-08-08 18:41:38.450310+00:00,200,"{""general_competition"": 36}",,200
rudn,09.03.03 — Прикладная информатика — Прикладная информатика,2026,2026-08-08 18:41:35.484592+00:00,75,"{""general_competition"": 43}",,75
rudn,09.03.03 — Прикладная информатика — Прикладная информатика,2026,2026-08-08 18:41:35.470159+00:00,53,"{""general_competition"": 12}",,53
rudn,18.03.02 — Энерго- и ресурсосберегающие процессы в химическо — Энерго- и ресурсосберегающие процессы в химической,2026,2026-08-08 18:41:38.359951+00:00,67,"{""general_competition"": 20}",,67
rudn,18.03.02 — Энерго- и ресурсосберегающие процессы в химическо — Энерго- и ресурсосберегающие процессы в химической,2026,2026-08-08 18:41:38.251582+00:00,200,"{""general_competition"": 19}",,200
rudn,18.03.02 — Энерго- и ресурсосберегающие процессы в химическо — Энерго- и ресурсосберегающие процессы в химической,2026,2026-08-08 18:41:38.312721+00:00,200,"{""general_competition"": 20}",,200
rudn,18.03.02 — Энерго- и ресурсосберегающие процессы в химическо — Энерго- и ресурсосберегающие процессы в химической,2026,2026-08-08 18:41:38.377120+00:00,2,"{""general_competition"": 24}",,2
rudn,18.03.02 — Энерго- и ресурсосберегающие процессы в химическо — Энерго- и ресурсосберегающие процессы в химической,2026,2026-08-08 18:41:38.380797+00:00,33,"{""general_competition"": 24}",,33
rudn,31.05.01 — Лечебное дело — Лечебное дело,2026,2026-08-08 18:41:38.518698+00:00,200,"{""general_competition"": 15}",,200
rudn,31.05.01 — Лечебное дело — Лечебное дело,2026,2026-08-08 18:41:38.604784+00:00,200,"{""general_competition"": 450}",,200
rudn,34.03.01 — Сестринское дело — Сестринское дело,2026,2026-08-08 18:41:38.818555+00:00,126,"{""general_competition"": 30}",,126
rudn,34.03.01 — Сестринское дело — Сестринское дело,2026,2026-08-08 18:41:38.773171+00:00,200,"{""general_competition"": 40}",,200
rudn,34.03.01 — Сестринское дело — Сестринское дело,2026,2026-08-08 18:41:38.733087+00:00,200,"{""general_competition"": 11}",,200
rudn,35.03.04 — Агрономия — Агрономия,2026,2026-08-08 18:41:38.994177+00:00,158,"{""general_competition"": 15}",,158
rudn,35.03.04 — Агрономия — Агрономия,2026,2026-08-08 18:41:38.961498+00:00,125,"{""general_competition"": 21}",,125
rudn,35.03.04 — Агрономия — Агрономия,2026,2026-08-08 18:41:38.909165+00:00,200,"{""general_competition"": 30}",,200
rudn,35.03.04 — Агрономия — Агрономия,2026,2026-08-08 18:41:38.845434+00:00,200,"{""general_competition"": 18}",,200
rudn,36.05.01 — Ветеринария — Ветеринария,2026,2026-08-08 18:41:39.214515+00:00,31,"{""general_competition"": 24}",,31
rudn,36.05.01 — Ветеринария — Ветеринария,2026,2026-08-08 18:41:39.028982+00:00,200,"{""general_competition"": 11}",,200
rudn,36.05.01 — Ветеринария — Ветеринария,2026,2026-08-08 18:41:39.103558+00:00,200,"{""general_competition"": 100}",,200
rudn,36.05.01 — Ветеринария — Ветеринария,2026,2026-08-08 18:41:39.166840+00:00,200,"{""general_competition"": 50}",,200
rudn,38.03.01 — Экономика — Аналитика данных в экономике и бизнесе,2026,2026-08-08 18:41:36.799483+00:00,200,"{""general_competition"": 23}",,200
rudn,38.03.01 — Экономика — Аналитика данных в экономике и бизнесе,2026,2026-08-08 18:41:36.656473+00:00,200,"{""general_competition"": 2}",,200
rudn,"38.03.01 — Экономика — Бизнес-консалтинг, цифровой учет и аудит",2026,2026-08-08 18:41:37.101446+00:00,200,"{""general_competition"": 2}",,200
rudn,"38.03.01 — Экономика — Бизнес-консалтинг, цифровой учет и аудит",2026,2026-08-08 18:41:37.226534+00:00,200,"{""general_competition"": 23}",,200
rudn,38.03.01 — Экономика — Мировая экономика и международная экономическая бе,2026,2026-08-08 18:41:36.253729+00:00,200,"{""general_competition"": 1}",,200
rudn,38.03.01 — Экономика — Мировая экономика и международная экономическая бе,2026,2026-08-08 18:41:36.387250+00:00,200,"{""general_competition"": 38}",,200
rudn,38.03.01 — Экономика — Экономика,2026,2026-08-08 18:41:35.685703+00:00,98,"{""general_competition"": 40}",,98
rudn,38.03.01 — Экономика — Экономика,2026,2026-08-08 18:41:35.644759+00:00,166,"{""general_competition"": 29}",,166
rudn,38.03.01 — Экономика — Экономика,2026,2026-08-08 18:41:35.600660+00:00,196,"{""general_competition"": 7}",,196
rudn,40.03.01 — Юриспруденция — Юриспруденция,2026,2026-08-08 18:41:35.720302+00:00,200,"{""general_competition"": 1}",,200
rudn,40.03.01 — Юриспруденция — Юриспруденция,2026,2026-08-08 18:41:35.810188+00:00,72,"{""general_competition"": 1}",,72
rudn,40.03.01 — Юриспруденция — Юриспруденция,2026,2026-08-08 18:41:35.830989+00:00,140,"{""general_competition"": 32}",,140
rudn,40.03.01 — Юриспруденция — Юриспруденция,2026,2026-08-08 18:41:35.766523+00:00,200,"{""general_competition"": 22}",,200
rudn,42.03.01 — Реклама и связи с общественностью — Реклама и связи с общественностью,2026,2026-08-08 18:41:35.864605+00:00,200,"{""general_competition"": 24}",,200
rudn,42.03.01 — Реклама и связи с общественностью — Реклама и связи с общественностью,2026,2026-08-08 18:41:36.012544+00:00,200,"{""general_competition"": 299}",,200
rudn,45.03.01 — Филология — Прикладная цифровая филология,2026,2026-08-08 18:41:37.526921+00:00,200,"{""general_competition"": 56}",,200
rudn,45.03.01 — Филология — Прикладная цифровая филология,2026,2026-08-08 18:41:37.596800+00:00,177,"{""general_competition"": 10}",,177
rudn,45.03.01 — Филология — Прикладная цифровая филология,2026,2026-08-08 18:41:37.642959+00:00,199,"{""general_competition"": 9}",,199
rudn,45.03.01 — Филология — Прикладная цифровая филология,2026,2026-08-08 18:41:37.689969+00:00,177,"{""general_competition"": 12}",,177
rudn,45.03.01 — Филология — Прикладная цифровая филология,2026,2026-08-08 18:41:37.454224+00:00,200,"{""general_competition"": 10}",,200
rudn,45.03.01 — Филология — Филология,2026,2026-08-08 18:41:35.502262+00:00,169,"{""general_competition"": 8}",,169
rudn,45.03.01 — Филология — Филология,2026,2026-08-08 18:41:35.541731+00:00,94,"{""general_competition"": 5}",,94
rudn,45.03.02 — Лингвистика — Лингвистика,2026,2026-08-08 18:41:35.372588+00:00,200,"{""general_competition"": 23}",,200
rudn,45.03.02 — Лингвистика — Лингвистика,2026,2026-08-08 18:41:35.427100+00:00,200,"{""general_competition"": 18}",,200
rudn,45.03.04 — Интеллектуальные системы в гуманитарной сфере — Кибертехнологии и анализ данных в гуманитарной сфе,2026,2026-08-08 18:41:37.893561+00:00,200,"{""general_competition"": 24}",,200
rudn,45.03.04 — Интеллектуальные системы в гуманитарной сфере — Кибертехнологии и анализ данных в гуманитарной сфе,2026,2026-08-08 18:41:37.731701+00:00,200,"{""general_competition"": 7}",,200
rudn,45.03.04 — Интеллектуальные системы в гуманитарной сфере — Кибертехнологии и анализ данных в гуманитарной сфе,2026,2026-08-08 18:41:37.812403+00:00,200,"{""general_competition"": 60}",,200
sechenov,19491,2026,2026-08-08 14:36:52.871719+00:00,5,{},,5
sechenov,19493,2026,2026-08-08 14:36:52.875515+00:00,5,{},,5
sechenov,19506,2026,2026-08-08 14:36:52.878601+00:00,5,{},,5
sechenov,19508,2026,2026-08-08 14:36:52.880824+00:00,5,{},,5
sechenov,19645,2026,2026-08-08 14:36:52.883080+00:00,5,{},,5
stankin,09.03.01 Информатика и вычислительная техника,2026,2026-08-08 18:38:46.506460+00:00,50,{},253.0,50
stankin,09.03.01.01 Разработка программных комплексов,2026,2026-08-08 18:38:46.557151+00:00,50,{},264.0,50
stankin,09.03.02 Информационные системы и технологии,2026,2026-08-08 18:38:46.572134+00:00,50,{},247.0,50
stankin,09.03.02.01 Разработка и внедрение корпоративных информационных систем,2026,2026-08-08 18:38:46.593262+00:00,50,{},251.0,50
stankin,09.03.03.01 Математическое и компьютерное моделирование процессов и систем,2026,2026-08-08 18:38:46.610514+00:00,50,{},250.0,50
stankin,09.03.03.02 Управление данными,2026,2026-08-08 18:38:46.623621+00:00,50,{},255.0,50
stankin,09.03.04 Программная инженерия,2026,2026-08-08 18:38:46.636884+00:00,50,{},262.0,50
stankin,12.03.01 Приборостроение,2026,2026-08-08 18:38:46.653756+00:00,50,{},225.0,50
stankin,15.03.01 Машиностроение,2026,2026-08-08 18:38:46.669042+00:00,49,{},234.0,49
stankin,15.03.01.01 Многоосевые металлообрабатывающие центры,2026,2026-08-08 18:38:46.683423+00:00,49,{},236.0,49
stankin,15.03.02 Технологические машины и оборудование,2026,2026-08-08 18:38:46.699090+00:00,50,{},231.0,50
stankin,15.03.04 Автоматизация технологических процессов и производств,2026,2026-08-08 18:38:46.708944+00:00,50,{},247.0,50
stankin,15.03.05 Конструкторско-технологическое обеспечение машиностроительных производств,2026,2026-08-08 18:38:46.720839+00:00,50,{},230.0,50
stankin,15.03.05.01 Высокопроизводительный металлообрабатывающий инструмент,2026,2026-08-08 18:38:46.733230+00:00,50,{},223.0,50
stankin,15.03.06 Мехатроника и робототехника,2026,2026-08-08 18:38:46.744818+00:00,50,{},246.0,50
stankin,15.05.01 Проектирование технологических машин и комплексов,2026,2026-08-08 18:38:46.756189+00:00,50,{},236.0,50
stankin,20.03.01 Техносферная безопасность,2026,2026-08-08 18:38:46.766568+00:00,50,{},215.0,50
stankin,22.03.01 Материаловедение и технологии материалов,2026,2026-08-08 18:38:46.778112+00:00,50,{},224.0,50
stankin,27.03.01 Стандартизация и метрология,2026,2026-08-08 18:38:46.788660+00:00,50,{},219.0,50
stankin,27.03.02 Управление качеством,2026,2026-08-08 18:38:46.799169+00:00,50,{},232.0,50
stankin,27.03.04 Управление в технических системах,2026,2026-08-08 18:38:46.810302+00:00,50,{},242.0,50
